player_id,archetype
PSN-00000,lapsed
PSN-00001,casual
PSN-00002,dormant
PSN-00003,lapsed
PSN-00004,core_gamer
PSN-00005,new_player
PSN-00006,lapsed
PSN-00007,lapsed
PSN-00008,core_gamer
PSN-00009,casual
PSN-00010,casual
PSN-00011,dormant
PSN-00012,casual
PSN-00013,lapsed
PSN-00014,casual
PSN-00015,core_gamer
PSN-00016,casual
PSN-00017,whale
PSN-00018,lapsed
PSN-00019,casual
PSN-00020,lapsed
PSN-00021,casual
PSN-00022,new_player
PSN-00023,dormant
PSN-00024,lapsed
PSN-00025,core_gamer
PSN-00026,casual
PSN-00027,whale
PSN-00028,core_gamer
PSN-00029,lapsed
PSN-00030,lapsed
PSN-00031,new_player
PSN-00032,core_gamer
PSN-00033,casual
PSN-00034,casual
PSN-00035,core_gamer
PSN-00036,core_gamer
PSN-00037,casual
PSN-00038,core_gamer
PSN-00039,casual
PSN-00040,casual
PSN-00041,dormant
PSN-00042,lapsed
PSN-00043,core_gamer
PSN-00044,dormant
PSN-00045,lapsed
PSN-00046,casual
PSN-00047,core_gamer
PSN-00048,lapsed
PSN-00049,core_gamer
PSN-00050,core_gamer
PSN-00051,whale
PSN-00052,lapsed
PSN-00053,casual
PSN-00054,lapsed
PSN-00055,lapsed
PSN-00056,casual
PSN-00057,casual
PSN-00058,core_gamer
PSN-00059,core_gamer
PSN-00060,casual
PSN-00061,casual
PSN-00062,casual
PSN-00063,lapsed
PSN-00064,casual
PSN-00065,casual
PSN-00066,casual
PSN-00067,core_gamer
PSN-00068,whale
PSN-00069,casual
PSN-00070,core_gamer
PSN-00071,casual
PSN-00072,dormant
PSN-00073,core_gamer
PSN-00074,whale
PSN-00075,core_gamer
PSN-00076,core_gamer
PSN-00077,casual
PSN-00078,casual
PSN-00079,lapsed
PSN-00080,casual
PSN-00081,casual
PSN-00082,lapsed
PSN-00083,core_gamer
PSN-00084,whale
PSN-00085,core_gamer
PSN-00086,lapsed
PSN-00087,casual
PSN-00088,core_gamer
PSN-00089,casual
PSN-00090,core_gamer
PSN-00091,lapsed
PSN-00092,casual
PSN-00093,casual
PSN-00094,core_gamer
PSN-00095,casual
PSN-00096,casual
PSN-00097,core_gamer
PSN-00098,core_gamer
PSN-00099,new_player
PSN-00100,dormant
PSN-00101,lapsed
PSN-00102,core_gamer
PSN-00103,new_player
PSN-00104,lapsed
PSN-00105,lapsed
PSN-00106,casual
PSN-00107,core_gamer
PSN-00108,core_gamer
PSN-00109,dormant
PSN-00110,casual
PSN-00111,core_gamer
PSN-00112,core_gamer
PSN-00113,casual
PSN-00114,core_gamer
PSN-00115,dormant
PSN-00116,lapsed
PSN-00117,lapsed
PSN-00118,casual
PSN-00119,casual
PSN-00120,casual
PSN-00121,casual
PSN-00122,core_gamer
PSN-00123,casual
PSN-00124,whale
PSN-00125,casual
PSN-00126,core_gamer
PSN-00127,core_gamer
PSN-00128,core_gamer
PSN-00129,casual
PSN-00130,core_gamer
PSN-00131,dormant
PSN-00132,casual
PSN-00133,casual
PSN-00134,casual
PSN-00135,whale
PSN-00136,new_player
PSN-00137,casual
PSN-00138,lapsed
PSN-00139,core_gamer
PSN-00140,casual
PSN-00141,casual
PSN-00142,new_player
PSN-00143,casual
PSN-00144,casual
PSN-00145,core_gamer
PSN-00146,casual
PSN-00147,casual
PSN-00148,casual
PSN-00149,whale
PSN-00150,lapsed
PSN-00151,dormant
PSN-00152,core_gamer
PSN-00153,casual
PSN-00154,core_gamer
PSN-00155,casual
PSN-00156,core_gamer
PSN-00157,casual
PSN-00158,lapsed
PSN-00159,lapsed
PSN-00160,core_gamer
PSN-00161,dormant
PSN-00162,core_gamer
PSN-00163,whale
PSN-00164,casual
PSN-00165,casual
PSN-00166,lapsed
PSN-00167,lapsed
PSN-00168,core_gamer
PSN-00169,new_player
PSN-00170,core_gamer
PSN-00171,casual
PSN-00172,core_gamer
PSN-00173,new_player
PSN-00174,core_gamer
PSN-00175,whale
PSN-00176,casual
PSN-00177,new_player
PSN-00178,dormant
PSN-00179,lapsed
PSN-00180,dormant
PSN-00181,dormant
PSN-00182,casual
PSN-00183,core_gamer
PSN-00184,lapsed
PSN-00185,casual
PSN-00186,casual
PSN-00187,core_gamer
PSN-00188,lapsed
PSN-00189,core_gamer
PSN-00190,new_player
PSN-00191,core_gamer
PSN-00192,core_gamer
PSN-00193,dormant
PSN-00194,core_gamer
PSN-00195,core_gamer
PSN-00196,casual
PSN-00197,dormant
PSN-00198,core_gamer
PSN-00199,core_gamer
PSN-00200,lapsed
PSN-00201,new_player
PSN-00202,casual
PSN-00203,core_gamer
PSN-00204,whale
PSN-00205,core_gamer
PSN-00206,core_gamer
PSN-00207,casual
PSN-00208,core_gamer
PSN-00209,casual
PSN-00210,lapsed
PSN-00211,casual
PSN-00212,core_gamer
PSN-00213,lapsed
PSN-00214,lapsed
PSN-00215,lapsed
PSN-00216,core_gamer
PSN-00217,core_gamer
PSN-00218,dormant
PSN-00219,casual
PSN-00220,core_gamer
PSN-00221,casual
PSN-00222,casual
PSN-00223,new_player
PSN-00224,core_gamer
PSN-00225,dormant
PSN-00226,whale
PSN-00227,casual
PSN-00228,casual
PSN-00229,core_gamer
PSN-00230,core_gamer
PSN-00231,casual
PSN-00232,new_player
PSN-00233,casual
PSN-00234,new_player
PSN-00235,lapsed
PSN-00236,casual
PSN-00237,lapsed
PSN-00238,whale
PSN-00239,core_gamer
PSN-00240,lapsed
PSN-00241,lapsed
PSN-00242,core_gamer
PSN-00243,casual
PSN-00244,casual
PSN-00245,dormant
PSN-00246,casual
PSN-00247,casual
PSN-00248,casual
PSN-00249,casual
PSN-00250,casual
PSN-00251,dormant
PSN-00252,casual
PSN-00253,core_gamer
PSN-00254,core_gamer
PSN-00255,lapsed
PSN-00256,lapsed
PSN-00257,core_gamer
PSN-00258,whale
PSN-00259,casual
PSN-00260,core_gamer
PSN-00261,lapsed
PSN-00262,core_gamer
PSN-00263,core_gamer
PSN-00264,dormant
PSN-00265,core_gamer
PSN-00266,core_gamer
PSN-00267,core_gamer
PSN-00268,core_gamer
PSN-00269,whale
PSN-00270,whale
PSN-00271,core_gamer
PSN-00272,whale
PSN-00273,casual
PSN-00274,lapsed
PSN-00275,casual
PSN-00276,core_gamer
PSN-00277,casual
PSN-00278,dormant
PSN-00279,dormant
PSN-00280,whale
PSN-00281,core_gamer
PSN-00282,core_gamer
PSN-00283,core_gamer
PSN-00284,casual
PSN-00285,casual
PSN-00286,whale
PSN-00287,casual
PSN-00288,casual
PSN-00289,core_gamer
PSN-00290,dormant
PSN-00291,whale
PSN-00292,dormant
PSN-00293,core_gamer
PSN-00294,dormant
PSN-00295,dormant
PSN-00296,new_player
PSN-00297,lapsed
PSN-00298,lapsed
PSN-00299,casual
PSN-00300,lapsed
PSN-00301,core_gamer
PSN-00302,casual
PSN-00303,casual
PSN-00304,dormant
PSN-00305,casual
PSN-00306,casual
PSN-00307,casual
PSN-00308,core_gamer
PSN-00309,core_gamer
PSN-00310,casual
PSN-00311,casual
PSN-00312,core_gamer
PSN-00313,casual
PSN-00314,casual
PSN-00315,core_gamer
PSN-00316,casual
PSN-00317,lapsed
PSN-00318,core_gamer
PSN-00319,new_player
PSN-00320,dormant
PSN-00321,casual
PSN-00322,core_gamer
PSN-00323,casual
PSN-00324,dormant
PSN-00325,casual
PSN-00326,lapsed
PSN-00327,casual
PSN-00328,casual
PSN-00329,core_gamer
PSN-00330,lapsed
PSN-00331,core_gamer
PSN-00332,lapsed
PSN-00333,dormant
PSN-00334,core_gamer
PSN-00335,casual
PSN-00336,core_gamer
PSN-00337,lapsed
PSN-00338,core_gamer
PSN-00339,new_player
PSN-00340,core_gamer
PSN-00341,new_player
PSN-00342,lapsed
PSN-00343,casual
PSN-00344,lapsed
PSN-00345,lapsed
PSN-00346,new_player
PSN-00347,core_gamer
PSN-00348,casual
PSN-00349,core_gamer
PSN-00350,casual
PSN-00351,core_gamer
PSN-00352,casual
PSN-00353,casual
PSN-00354,casual
PSN-00355,casual
PSN-00356,lapsed
PSN-00357,lapsed
PSN-00358,casual
PSN-00359,casual
PSN-00360,new_player
PSN-00361,core_gamer
PSN-00362,core_gamer
PSN-00363,core_gamer
PSN-00364,casual
PSN-00365,casual
PSN-00366,lapsed
PSN-00367,casual
PSN-00368,casual
PSN-00369,dormant
PSN-00370,lapsed
PSN-00371,core_gamer
PSN-00372,casual
PSN-00373,core_gamer
PSN-00374,core_gamer
PSN-00375,core_gamer
PSN-00376,new_player
PSN-00377,casual
PSN-00378,casual
PSN-00379,lapsed
PSN-00380,casual
PSN-00381,new_player
PSN-00382,lapsed
PSN-00383,casual
PSN-00384,casual
PSN-00385,new_player
PSN-00386,lapsed
PSN-00387,new_player
PSN-00388,core_gamer
PSN-00389,dormant
PSN-00390,casual
PSN-00391,core_gamer
PSN-00392,casual
PSN-00393,lapsed
PSN-00394,whale
PSN-00395,casual
PSN-00396,lapsed
PSN-00397,core_gamer
PSN-00398,casual
PSN-00399,casual
PSN-00400,core_gamer
PSN-00401,dormant
PSN-00402,lapsed
PSN-00403,core_gamer
PSN-00404,new_player
PSN-00405,dormant
PSN-00406,core_gamer
PSN-00407,dormant
PSN-00408,core_gamer
PSN-00409,new_player
PSN-00410,casual
PSN-00411,casual
PSN-00412,core_gamer
PSN-00413,dormant
PSN-00414,whale
PSN-00415,core_gamer
PSN-00416,core_gamer
PSN-00417,lapsed
PSN-00418,core_gamer
PSN-00419,dormant
PSN-00420,casual
PSN-00421,whale
PSN-00422,whale
PSN-00423,whale
PSN-00424,casual
PSN-00425,lapsed
PSN-00426,core_gamer
PSN-00427,dormant
PSN-00428,whale
PSN-00429,lapsed
PSN-00430,dormant
PSN-00431,lapsed
PSN-00432,lapsed
PSN-00433,dormant
PSN-00434,whale
PSN-00435,core_gamer
PSN-00436,core_gamer
PSN-00437,casual
PSN-00438,lapsed
PSN-00439,casual
PSN-00440,dormant
PSN-00441,core_gamer
PSN-00442,lapsed
PSN-00443,core_gamer
PSN-00444,core_gamer
PSN-00445,lapsed
PSN-00446,new_player
PSN-00447,casual
PSN-00448,whale
PSN-00449,casual
PSN-00450,whale
PSN-00451,dormant
PSN-00452,lapsed
PSN-00453,core_gamer
PSN-00454,core_gamer
PSN-00455,core_gamer
PSN-00456,new_player
PSN-00457,casual
PSN-00458,lapsed
PSN-00459,casual
PSN-00460,casual
PSN-00461,core_gamer
PSN-00462,new_player
PSN-00463,core_gamer
PSN-00464,casual
PSN-00465,lapsed
PSN-00466,casual
PSN-00467,new_player
PSN-00468,core_gamer
PSN-00469,casual
PSN-00470,casual
PSN-00471,casual
PSN-00472,core_gamer
PSN-00473,core_gamer
PSN-00474,core_gamer
PSN-00475,core_gamer
PSN-00476,casual
PSN-00477,casual
PSN-00478,casual
PSN-00479,casual
PSN-00480,casual
PSN-00481,core_gamer
PSN-00482,casual
PSN-00483,core_gamer
PSN-00484,whale
PSN-00485,casual
PSN-00486,casual
PSN-00487,core_gamer
PSN-00488,casual
PSN-00489,casual
PSN-00490,lapsed
PSN-00491,casual
PSN-00492,casual
PSN-00493,core_gamer
PSN-00494,lapsed
PSN-00495,casual
PSN-00496,casual
PSN-00497,casual
PSN-00498,casual
PSN-00499,casual
PSN-00500,lapsed
PSN-00501,dormant
PSN-00502,dormant
PSN-00503,casual
PSN-00504,casual
PSN-00505,lapsed
PSN-00506,core_gamer
PSN-00507,dormant
PSN-00508,casual
PSN-00509,core_gamer
PSN-00510,whale
PSN-00511,dormant
PSN-00512,whale
PSN-00513,core_gamer
PSN-00514,casual
PSN-00515,core_gamer
PSN-00516,core_gamer
PSN-00517,lapsed
PSN-00518,whale
PSN-00519,lapsed
PSN-00520,dormant
PSN-00521,casual
PSN-00522,core_gamer
PSN-00523,casual
PSN-00524,core_gamer
PSN-00525,casual
PSN-00526,new_player
PSN-00527,new_player
PSN-00528,lapsed
PSN-00529,core_gamer
PSN-00530,lapsed
PSN-00531,lapsed
PSN-00532,casual
PSN-00533,casual
PSN-00534,whale
PSN-00535,core_gamer
PSN-00536,casual
PSN-00537,core_gamer
PSN-00538,core_gamer
PSN-00539,dormant
PSN-00540,new_player
PSN-00541,casual
PSN-00542,dormant
PSN-00543,new_player
PSN-00544,core_gamer
PSN-00545,casual
PSN-00546,casual
PSN-00547,core_gamer
PSN-00548,lapsed
PSN-00549,casual
PSN-00550,casual
PSN-00551,core_gamer
PSN-00552,core_gamer
PSN-00553,dormant
PSN-00554,whale
PSN-00555,core_gamer
PSN-00556,core_gamer
PSN-00557,casual
PSN-00558,casual
PSN-00559,casual
PSN-00560,core_gamer
PSN-00561,core_gamer
PSN-00562,dormant
PSN-00563,casual
PSN-00564,casual
PSN-00565,casual
PSN-00566,lapsed
PSN-00567,whale
PSN-00568,casual
PSN-00569,casual
PSN-00570,casual
PSN-00571,dormant
PSN-00572,casual
PSN-00573,lapsed
PSN-00574,dormant
PSN-00575,casual
PSN-00576,dormant
PSN-00577,casual
PSN-00578,dormant
PSN-00579,casual
PSN-00580,casual
PSN-00581,casual
PSN-00582,core_gamer
PSN-00583,casual
PSN-00584,dormant
PSN-00585,casual
PSN-00586,core_gamer
PSN-00587,casual
PSN-00588,core_gamer
PSN-00589,whale
PSN-00590,dormant
PSN-00591,casual
PSN-00592,core_gamer
PSN-00593,casual
PSN-00594,whale
PSN-00595,core_gamer
PSN-00596,lapsed
PSN-00597,casual
PSN-00598,new_player
PSN-00599,casual
PSN-00600,casual
PSN-00601,lapsed
PSN-00602,dormant
PSN-00603,lapsed
PSN-00604,new_player
PSN-00605,lapsed
PSN-00606,dormant
PSN-00607,core_gamer
PSN-00608,lapsed
PSN-00609,casual
PSN-00610,casual
PSN-00611,casual
PSN-00612,new_player
PSN-00613,new_player
PSN-00614,core_gamer
PSN-00615,lapsed
PSN-00616,lapsed
PSN-00617,casual
PSN-00618,core_gamer
PSN-00619,whale
PSN-00620,lapsed
PSN-00621,casual
PSN-00622,new_player
PSN-00623,casual
PSN-00624,new_player
PSN-00625,casual
PSN-00626,lapsed
PSN-00627,core_gamer
PSN-00628,casual
PSN-00629,lapsed
PSN-00630,dormant
PSN-00631,lapsed
PSN-00632,whale
PSN-00633,casual
PSN-00634,whale
PSN-00635,core_gamer
PSN-00636,casual
PSN-00637,lapsed
PSN-00638,lapsed
PSN-00639,dormant
PSN-00640,lapsed
PSN-00641,lapsed
PSN-00642,whale
PSN-00643,core_gamer
PSN-00644,casual
PSN-00645,dormant
PSN-00646,whale
PSN-00647,casual
PSN-00648,casual
PSN-00649,whale
PSN-00650,casual
PSN-00651,dormant
PSN-00652,casual
PSN-00653,core_gamer
PSN-00654,dormant
PSN-00655,casual
PSN-00656,dormant
PSN-00657,core_gamer
PSN-00658,casual
PSN-00659,casual
PSN-00660,core_gamer
PSN-00661,dormant
PSN-00662,core_gamer
PSN-00663,core_gamer
PSN-00664,casual
PSN-00665,lapsed
PSN-00666,lapsed
PSN-00667,new_player
PSN-00668,core_gamer
PSN-00669,casual
PSN-00670,core_gamer
PSN-00671,casual
PSN-00672,new_player
PSN-00673,lapsed
PSN-00674,casual
PSN-00675,casual
PSN-00676,dormant
PSN-00677,casual
PSN-00678,core_gamer
PSN-00679,casual
PSN-00680,whale
PSN-00681,core_gamer
PSN-00682,whale
PSN-00683,casual
PSN-00684,casual
PSN-00685,casual
PSN-00686,casual
PSN-00687,new_player
PSN-00688,lapsed
PSN-00689,casual
PSN-00690,core_gamer
PSN-00691,dormant
PSN-00692,core_gamer
PSN-00693,core_gamer
PSN-00694,dormant
PSN-00695,casual
PSN-00696,lapsed
PSN-00697,casual
PSN-00698,casual
PSN-00699,core_gamer
PSN-00700,core_gamer
PSN-00701,core_gamer
PSN-00702,core_gamer
PSN-00703,dormant
PSN-00704,core_gamer
PSN-00705,casual
PSN-00706,lapsed
PSN-00707,lapsed
PSN-00708,casual
PSN-00709,casual
PSN-00710,new_player
PSN-00711,casual
PSN-00712,lapsed
PSN-00713,dormant
PSN-00714,lapsed
PSN-00715,core_gamer
PSN-00716,casual
PSN-00717,core_gamer
PSN-00718,casual
PSN-00719,new_player
PSN-00720,casual
PSN-00721,casual
PSN-00722,whale
PSN-00723,new_player
PSN-00724,core_gamer
PSN-00725,whale
PSN-00726,core_gamer
PSN-00727,whale
PSN-00728,casual
PSN-00729,casual
PSN-00730,core_gamer
PSN-00731,whale
PSN-00732,core_gamer
PSN-00733,casual
PSN-00734,whale
PSN-00735,lapsed
PSN-00736,core_gamer
PSN-00737,core_gamer
PSN-00738,casual
PSN-00739,casual
PSN-00740,whale
PSN-00741,core_gamer
PSN-00742,dormant
PSN-00743,whale
PSN-00744,casual
PSN-00745,casual
PSN-00746,casual
PSN-00747,casual
PSN-00748,lapsed
PSN-00749,dormant
PSN-00750,core_gamer
PSN-00751,core_gamer
PSN-00752,core_gamer
PSN-00753,casual
PSN-00754,lapsed
PSN-00755,core_gamer
PSN-00756,casual
PSN-00757,new_player
PSN-00758,whale
PSN-00759,casual
PSN-00760,lapsed
PSN-00761,core_gamer
PSN-00762,whale
PSN-00763,core_gamer
PSN-00764,dormant
PSN-00765,whale
PSN-00766,core_gamer
PSN-00767,whale
PSN-00768,core_gamer
PSN-00769,casual
PSN-00770,core_gamer
PSN-00771,casual
PSN-00772,casual
PSN-00773,dormant
PSN-00774,whale
PSN-00775,dormant
PSN-00776,casual
PSN-00777,core_gamer
PSN-00778,lapsed
PSN-00779,dormant
PSN-00780,core_gamer
PSN-00781,dormant
PSN-00782,casual
PSN-00783,casual
PSN-00784,new_player
PSN-00785,casual
PSN-00786,lapsed
PSN-00787,core_gamer
PSN-00788,lapsed
PSN-00789,casual
PSN-00790,core_gamer
PSN-00791,casual
PSN-00792,core_gamer
PSN-00793,whale
PSN-00794,whale
PSN-00795,casual
PSN-00796,whale
PSN-00797,core_gamer
PSN-00798,lapsed
PSN-00799,lapsed
PSN-00800,lapsed
PSN-00801,core_gamer
PSN-00802,dormant
PSN-00803,casual
PSN-00804,core_gamer
PSN-00805,core_gamer
PSN-00806,lapsed
PSN-00807,core_gamer
PSN-00808,casual
PSN-00809,new_player
PSN-00810,whale
PSN-00811,whale
PSN-00812,new_player
PSN-00813,casual
PSN-00814,core_gamer
PSN-00815,dormant
PSN-00816,dormant
PSN-00817,casual
PSN-00818,casual
PSN-00819,core_gamer
PSN-00820,whale
PSN-00821,casual
PSN-00822,core_gamer
PSN-00823,casual
PSN-00824,dormant
PSN-00825,whale
PSN-00826,casual
PSN-00827,core_gamer
PSN-00828,dormant
PSN-00829,core_gamer
PSN-00830,casual
PSN-00831,casual
PSN-00832,casual
PSN-00833,casual
PSN-00834,lapsed
PSN-00835,casual
PSN-00836,lapsed
PSN-00837,new_player
PSN-00838,casual
PSN-00839,casual
PSN-00840,whale
PSN-00841,lapsed
PSN-00842,casual
PSN-00843,casual
PSN-00844,core_gamer
PSN-00845,dormant
PSN-00846,casual
PSN-00847,lapsed
PSN-00848,core_gamer
PSN-00849,new_player
PSN-00850,core_gamer
PSN-00851,core_gamer
PSN-00852,dormant
PSN-00853,dormant
PSN-00854,core_gamer
PSN-00855,casual
PSN-00856,lapsed
PSN-00857,dormant
PSN-00858,casual
PSN-00859,casual
PSN-00860,lapsed
PSN-00861,lapsed
PSN-00862,lapsed
PSN-00863,casual
PSN-00864,core_gamer
PSN-00865,dormant
PSN-00866,dormant
PSN-00867,lapsed
PSN-00868,core_gamer
PSN-00869,core_gamer
PSN-00870,lapsed
PSN-00871,whale
PSN-00872,new_player
PSN-00873,casual
PSN-00874,lapsed
PSN-00875,dormant
PSN-00876,casual
PSN-00877,core_gamer
PSN-00878,casual
PSN-00879,casual
PSN-00880,casual
PSN-00881,casual
PSN-00882,new_player
PSN-00883,casual
PSN-00884,core_gamer
PSN-00885,casual
PSN-00886,casual
PSN-00887,core_gamer
PSN-00888,core_gamer
PSN-00889,lapsed
PSN-00890,casual
PSN-00891,new_player
PSN-00892,core_gamer
PSN-00893,core_gamer
PSN-00894,lapsed
PSN-00895,dormant
PSN-00896,core_gamer
PSN-00897,core_gamer
PSN-00898,core_gamer
PSN-00899,casual
PSN-00900,casual
PSN-00901,core_gamer
PSN-00902,whale
PSN-00903,casual
PSN-00904,new_player
PSN-00905,casual
PSN-00906,casual
PSN-00907,core_gamer
PSN-00908,core_gamer
PSN-00909,core_gamer
PSN-00910,lapsed
PSN-00911,dormant
PSN-00912,dormant
PSN-00913,new_player
PSN-00914,new_player
PSN-00915,new_player
PSN-00916,whale
PSN-00917,core_gamer
PSN-00918,core_gamer
PSN-00919,casual
PSN-00920,core_gamer
PSN-00921,dormant
PSN-00922,casual
PSN-00923,casual
PSN-00924,core_gamer
PSN-00925,core_gamer
PSN-00926,core_gamer
PSN-00927,dormant
PSN-00928,casual
PSN-00929,lapsed
PSN-00930,core_gamer
PSN-00931,casual
PSN-00932,casual
PSN-00933,lapsed
PSN-00934,lapsed
PSN-00935,core_gamer
PSN-00936,new_player
PSN-00937,core_gamer
PSN-00938,dormant
PSN-00939,core_gamer
PSN-00940,core_gamer
PSN-00941,dormant
PSN-00942,core_gamer
PSN-00943,casual
PSN-00944,casual
PSN-00945,core_gamer
PSN-00946,lapsed
PSN-00947,dormant
PSN-00948,dormant
PSN-00949,casual
PSN-00950,casual
PSN-00951,core_gamer
PSN-00952,core_gamer
PSN-00953,core_gamer
PSN-00954,new_player
PSN-00955,dormant
PSN-00956,lapsed
PSN-00957,casual
PSN-00958,casual
PSN-00959,casual
PSN-00960,casual
PSN-00961,casual
PSN-00962,core_gamer
PSN-00963,core_gamer
PSN-00964,new_player
PSN-00965,casual
PSN-00966,new_player
PSN-00967,core_gamer
PSN-00968,casual
PSN-00969,core_gamer
PSN-00970,core_gamer
PSN-00971,whale
PSN-00972,core_gamer
PSN-00973,dormant
PSN-00974,core_gamer
PSN-00975,casual
PSN-00976,casual
PSN-00977,casual
PSN-00978,casual
PSN-00979,core_gamer
PSN-00980,new_player
PSN-00981,lapsed
PSN-00982,lapsed
PSN-00983,casual
PSN-00984,core_gamer
PSN-00985,dormant
PSN-00986,casual
PSN-00987,whale
PSN-00988,casual
PSN-00989,lapsed
PSN-00990,casual
PSN-00991,lapsed
PSN-00992,lapsed
PSN-00993,core_gamer
PSN-00994,dormant
PSN-00995,casual
PSN-00996,casual
PSN-00997,whale
PSN-00998,new_player
PSN-00999,core_gamer
PSN-01000,whale
PSN-01001,casual
PSN-01002,core_gamer
PSN-01003,core_gamer
PSN-01004,casual
PSN-01005,casual
PSN-01006,dormant
PSN-01007,core_gamer
PSN-01008,lapsed
PSN-01009,casual
PSN-01010,casual
PSN-01011,casual
PSN-01012,casual
PSN-01013,new_player
PSN-01014,casual
PSN-01015,core_gamer
PSN-01016,casual
PSN-01017,dormant
PSN-01018,whale
PSN-01019,casual
PSN-01020,dormant
PSN-01021,lapsed
PSN-01022,new_player
PSN-01023,casual
PSN-01024,casual
PSN-01025,core_gamer
PSN-01026,new_player
PSN-01027,casual
PSN-01028,lapsed
PSN-01029,casual
PSN-01030,casual
PSN-01031,lapsed
PSN-01032,casual
PSN-01033,dormant
PSN-01034,casual
PSN-01035,casual
PSN-01036,casual
PSN-01037,casual
PSN-01038,casual
PSN-01039,core_gamer
PSN-01040,core_gamer
PSN-01041,casual
PSN-01042,casual
PSN-01043,casual
PSN-01044,whale
PSN-01045,core_gamer
PSN-01046,core_gamer
PSN-01047,lapsed
PSN-01048,dormant
PSN-01049,core_gamer
PSN-01050,casual
PSN-01051,core_gamer
PSN-01052,core_gamer
PSN-01053,core_gamer
PSN-01054,core_gamer
PSN-01055,casual
PSN-01056,dormant
PSN-01057,core_gamer
PSN-01058,casual
PSN-01059,lapsed
PSN-01060,new_player
PSN-01061,casual
PSN-01062,core_gamer
PSN-01063,casual
PSN-01064,core_gamer
PSN-01065,new_player
PSN-01066,casual
PSN-01067,lapsed
PSN-01068,whale
PSN-01069,casual
PSN-01070,dormant
PSN-01071,casual
PSN-01072,casual
PSN-01073,new_player
PSN-01074,dormant
PSN-01075,core_gamer
PSN-01076,casual
PSN-01077,casual
PSN-01078,casual
PSN-01079,casual
PSN-01080,core_gamer
PSN-01081,dormant
PSN-01082,dormant
PSN-01083,dormant
PSN-01084,new_player
PSN-01085,lapsed
PSN-01086,lapsed
PSN-01087,lapsed
PSN-01088,casual
PSN-01089,casual
PSN-01090,core_gamer
PSN-01091,casual
PSN-01092,core_gamer
PSN-01093,core_gamer
PSN-01094,casual
PSN-01095,casual
PSN-01096,core_gamer
PSN-01097,lapsed
PSN-01098,dormant
PSN-01099,core_gamer
PSN-01100,whale
PSN-01101,casual
PSN-01102,lapsed
PSN-01103,dormant
PSN-01104,core_gamer
PSN-01105,lapsed
PSN-01106,core_gamer
PSN-01107,casual
PSN-01108,new_player
PSN-01109,core_gamer
PSN-01110,core_gamer
PSN-01111,casual
PSN-01112,casual
PSN-01113,new_player
PSN-01114,new_player
PSN-01115,whale
PSN-01116,core_gamer
PSN-01117,lapsed
PSN-01118,core_gamer
PSN-01119,dormant
PSN-01120,casual
PSN-01121,core_gamer
PSN-01122,dormant
PSN-01123,core_gamer
PSN-01124,casual
PSN-01125,casual
PSN-01126,casual
PSN-01127,lapsed
PSN-01128,casual
PSN-01129,new_player
PSN-01130,new_player
PSN-01131,casual
PSN-01132,core_gamer
PSN-01133,lapsed
PSN-01134,new_player
PSN-01135,core_gamer
PSN-01136,casual
PSN-01137,casual
PSN-01138,whale
PSN-01139,casual
PSN-01140,casual
PSN-01141,lapsed
PSN-01142,dormant
PSN-01143,lapsed
PSN-01144,casual
PSN-01145,core_gamer
PSN-01146,lapsed
PSN-01147,lapsed
PSN-01148,casual
PSN-01149,dormant
PSN-01150,core_gamer
PSN-01151,dormant
PSN-01152,core_gamer
PSN-01153,core_gamer
PSN-01154,casual
PSN-01155,whale
PSN-01156,whale
PSN-01157,whale
PSN-01158,casual
PSN-01159,lapsed
PSN-01160,whale
PSN-01161,casual
PSN-01162,lapsed
PSN-01163,core_gamer
PSN-01164,core_gamer
PSN-01165,dormant
PSN-01166,lapsed
PSN-01167,casual
PSN-01168,lapsed
PSN-01169,core_gamer
PSN-01170,casual
PSN-01171,lapsed
PSN-01172,core_gamer
PSN-01173,lapsed
PSN-01174,casual
PSN-01175,lapsed
PSN-01176,casual
PSN-01177,casual
PSN-01178,core_gamer
PSN-01179,core_gamer
PSN-01180,lapsed
PSN-01181,core_gamer
PSN-01182,core_gamer
PSN-01183,core_gamer
PSN-01184,core_gamer
PSN-01185,lapsed
PSN-01186,casual
PSN-01187,new_player
PSN-01188,core_gamer
PSN-01189,casual
PSN-01190,casual
PSN-01191,casual
PSN-01192,dormant
PSN-01193,new_player
PSN-01194,dormant
PSN-01195,core_gamer
PSN-01196,core_gamer
PSN-01197,casual
PSN-01198,core_gamer
PSN-01199,lapsed
PSN-01200,casual
PSN-01201,casual
PSN-01202,lapsed
PSN-01203,lapsed
PSN-01204,whale
PSN-01205,whale
PSN-01206,casual
PSN-01207,casual
PSN-01208,core_gamer
PSN-01209,casual
PSN-01210,lapsed
PSN-01211,lapsed
PSN-01212,casual
PSN-01213,casual
PSN-01214,core_gamer
PSN-01215,casual
PSN-01216,core_gamer
PSN-01217,casual
PSN-01218,casual
PSN-01219,whale
PSN-01220,whale
PSN-01221,core_gamer
PSN-01222,dormant
PSN-01223,casual
PSN-01224,core_gamer
PSN-01225,dormant
PSN-01226,casual
PSN-01227,casual
PSN-01228,new_player
PSN-01229,whale
PSN-01230,core_gamer
PSN-01231,casual
PSN-01232,core_gamer
PSN-01233,casual
PSN-01234,core_gamer
PSN-01235,core_gamer
PSN-01236,core_gamer
PSN-01237,casual
PSN-01238,core_gamer
PSN-01239,core_gamer
PSN-01240,dormant
PSN-01241,core_gamer
PSN-01242,casual
PSN-01243,whale
PSN-01244,casual
PSN-01245,core_gamer
PSN-01246,casual
PSN-01247,core_gamer
PSN-01248,dormant
PSN-01249,dormant
PSN-01250,core_gamer
PSN-01251,core_gamer
PSN-01252,core_gamer
PSN-01253,casual
PSN-01254,core_gamer
PSN-01255,dormant
PSN-01256,lapsed
PSN-01257,lapsed
PSN-01258,casual
PSN-01259,new_player
PSN-01260,whale
PSN-01261,casual
PSN-01262,core_gamer
PSN-01263,new_player
PSN-01264,casual
PSN-01265,lapsed
PSN-01266,core_gamer
PSN-01267,new_player
PSN-01268,casual
PSN-01269,casual
PSN-01270,new_player
PSN-01271,casual
PSN-01272,casual
PSN-01273,casual
PSN-01274,core_gamer
PSN-01275,core_gamer
PSN-01276,core_gamer
PSN-01277,core_gamer
PSN-01278,dormant
PSN-01279,casual
PSN-01280,casual
PSN-01281,casual
PSN-01282,casual
PSN-01283,casual
PSN-01284,dormant
PSN-01285,new_player
PSN-01286,casual
PSN-01287,core_gamer
PSN-01288,casual
PSN-01289,casual
PSN-01290,casual
PSN-01291,casual
PSN-01292,casual
PSN-01293,core_gamer
PSN-01294,casual
PSN-01295,casual
PSN-01296,core_gamer
PSN-01297,core_gamer
PSN-01298,lapsed
PSN-01299,casual
PSN-01300,core_gamer
PSN-01301,casual
PSN-01302,lapsed
PSN-01303,core_gamer
PSN-01304,lapsed
PSN-01305,dormant
PSN-01306,casual
PSN-01307,casual
PSN-01308,whale
PSN-01309,new_player
PSN-01310,casual
PSN-01311,dormant
PSN-01312,casual
PSN-01313,whale
PSN-01314,whale
PSN-01315,lapsed
PSN-01316,casual
PSN-01317,whale
PSN-01318,lapsed
PSN-01319,dormant
PSN-01320,casual
PSN-01321,casual
PSN-01322,whale
PSN-01323,lapsed
PSN-01324,casual
PSN-01325,dormant
PSN-01326,casual
PSN-01327,casual
PSN-01328,core_gamer
PSN-01329,core_gamer
PSN-01330,lapsed
PSN-01331,casual
PSN-01332,casual
PSN-01333,new_player
PSN-01334,new_player
PSN-01335,dormant
PSN-01336,core_gamer
PSN-01337,casual
PSN-01338,dormant
PSN-01339,casual
PSN-01340,core_gamer
PSN-01341,lapsed
PSN-01342,casual
PSN-01343,casual
PSN-01344,new_player
PSN-01345,casual
PSN-01346,casual
PSN-01347,casual
PSN-01348,casual
PSN-01349,core_gamer
PSN-01350,lapsed
PSN-01351,dormant
PSN-01352,core_gamer
PSN-01353,core_gamer
PSN-01354,dormant
PSN-01355,whale
PSN-01356,casual
PSN-01357,casual
PSN-01358,lapsed
PSN-01359,core_gamer
PSN-01360,casual
PSN-01361,casual
PSN-01362,casual
PSN-01363,whale
PSN-01364,casual
PSN-01365,casual
PSN-01366,core_gamer
PSN-01367,core_gamer
PSN-01368,core_gamer
PSN-01369,casual
PSN-01370,core_gamer
PSN-01371,new_player
PSN-01372,casual
PSN-01373,lapsed
PSN-01374,new_player
PSN-01375,core_gamer
PSN-01376,casual
PSN-01377,dormant
PSN-01378,casual
PSN-01379,casual
PSN-01380,casual
PSN-01381,whale
PSN-01382,casual
PSN-01383,new_player
PSN-01384,new_player
PSN-01385,whale
PSN-01386,lapsed
PSN-01387,core_gamer
PSN-01388,dormant
PSN-01389,whale
PSN-01390,new_player
PSN-01391,dormant
PSN-01392,core_gamer
PSN-01393,whale
PSN-01394,dormant
PSN-01395,core_gamer
PSN-01396,casual
PSN-01397,dormant
PSN-01398,casual
PSN-01399,casual
PSN-01400,casual
PSN-01401,whale
PSN-01402,new_player
PSN-01403,core_gamer
PSN-01404,core_gamer
PSN-01405,core_gamer
PSN-01406,new_player
PSN-01407,core_gamer
PSN-01408,dormant
PSN-01409,lapsed
PSN-01410,dormant
PSN-01411,new_player
PSN-01412,dormant
PSN-01413,new_player
PSN-01414,core_gamer
PSN-01415,lapsed
PSN-01416,casual
PSN-01417,casual
PSN-01418,dormant
PSN-01419,new_player
PSN-01420,lapsed
PSN-01421,casual
PSN-01422,casual
PSN-01423,casual
PSN-01424,casual
PSN-01425,casual
PSN-01426,core_gamer
PSN-01427,whale
PSN-01428,lapsed
PSN-01429,casual
PSN-01430,new_player
PSN-01431,casual
PSN-01432,whale
PSN-01433,core_gamer
PSN-01434,core_gamer
PSN-01435,new_player
PSN-01436,core_gamer
PSN-01437,casual
PSN-01438,new_player
PSN-01439,new_player
PSN-01440,core_gamer
PSN-01441,whale
PSN-01442,core_gamer
PSN-01443,whale
PSN-01444,core_gamer
PSN-01445,casual
PSN-01446,dormant
PSN-01447,casual
PSN-01448,casual
PSN-01449,core_gamer
PSN-01450,lapsed
PSN-01451,casual
PSN-01452,dormant
PSN-01453,new_player
PSN-01454,casual
PSN-01455,core_gamer
PSN-01456,core_gamer
PSN-01457,casual
PSN-01458,new_player
PSN-01459,casual
PSN-01460,lapsed
PSN-01461,casual
PSN-01462,core_gamer
PSN-01463,core_gamer
PSN-01464,casual
PSN-01465,casual
PSN-01466,casual
PSN-01467,core_gamer
PSN-01468,lapsed
PSN-01469,core_gamer
PSN-01470,new_player
PSN-01471,core_gamer
PSN-01472,core_gamer
PSN-01473,casual
PSN-01474,casual
PSN-01475,casual
PSN-01476,casual
PSN-01477,new_player
PSN-01478,casual
PSN-01479,casual
PSN-01480,casual
PSN-01481,whale
PSN-01482,casual
PSN-01483,core_gamer
PSN-01484,casual
PSN-01485,whale
PSN-01486,new_player
PSN-01487,casual
PSN-01488,dormant
PSN-01489,casual
PSN-01490,whale
PSN-01491,lapsed
PSN-01492,casual
PSN-01493,lapsed
PSN-01494,casual
PSN-01495,casual
PSN-01496,dormant
PSN-01497,casual
PSN-01498,casual
PSN-01499,casual
PSN-01500,casual
PSN-01501,new_player
PSN-01502,casual
PSN-01503,casual
PSN-01504,lapsed
PSN-01505,casual
PSN-01506,lapsed
PSN-01507,casual
PSN-01508,core_gamer
PSN-01509,lapsed
PSN-01510,core_gamer
PSN-01511,core_gamer
PSN-01512,casual
PSN-01513,lapsed
PSN-01514,dormant
PSN-01515,core_gamer
PSN-01516,core_gamer
PSN-01517,new_player
PSN-01518,core_gamer
PSN-01519,core_gamer
PSN-01520,core_gamer
PSN-01521,casual
PSN-01522,dormant
PSN-01523,lapsed
PSN-01524,lapsed
PSN-01525,core_gamer
PSN-01526,casual
PSN-01527,casual
PSN-01528,core_gamer
PSN-01529,core_gamer
PSN-01530,core_gamer
PSN-01531,core_gamer
PSN-01532,casual
PSN-01533,lapsed
PSN-01534,whale
PSN-01535,casual
PSN-01536,lapsed
PSN-01537,lapsed
PSN-01538,lapsed
PSN-01539,casual
PSN-01540,lapsed
PSN-01541,core_gamer
PSN-01542,casual
PSN-01543,core_gamer
PSN-01544,casual
PSN-01545,casual
PSN-01546,core_gamer
PSN-01547,lapsed
PSN-01548,core_gamer
PSN-01549,core_gamer
PSN-01550,core_gamer
PSN-01551,casual
PSN-01552,core_gamer
PSN-01553,casual
PSN-01554,core_gamer
PSN-01555,lapsed
PSN-01556,new_player
PSN-01557,casual
PSN-01558,casual
PSN-01559,dormant
PSN-01560,new_player
PSN-01561,casual
PSN-01562,dormant
PSN-01563,dormant
PSN-01564,lapsed
PSN-01565,casual
PSN-01566,core_gamer
PSN-01567,whale
PSN-01568,casual
PSN-01569,casual
PSN-01570,casual
PSN-01571,casual
PSN-01572,casual
PSN-01573,dormant
PSN-01574,core_gamer
PSN-01575,core_gamer
PSN-01576,lapsed
PSN-01577,dormant
PSN-01578,new_player
PSN-01579,dormant
PSN-01580,dormant
PSN-01581,core_gamer
PSN-01582,casual
PSN-01583,core_gamer
PSN-01584,casual
PSN-01585,new_player
PSN-01586,casual
PSN-01587,casual
PSN-01588,core_gamer
PSN-01589,core_gamer
PSN-01590,core_gamer
PSN-01591,whale
PSN-01592,new_player
PSN-01593,casual
PSN-01594,dormant
PSN-01595,lapsed
PSN-01596,core_gamer
PSN-01597,core_gamer
PSN-01598,lapsed
PSN-01599,core_gamer
PSN-01600,dormant
PSN-01601,core_gamer
PSN-01602,casual
PSN-01603,lapsed
PSN-01604,core_gamer
PSN-01605,core_gamer
PSN-01606,new_player
PSN-01607,core_gamer
PSN-01608,casual
PSN-01609,casual
PSN-01610,core_gamer
PSN-01611,lapsed
PSN-01612,lapsed
PSN-01613,casual
PSN-01614,dormant
PSN-01615,core_gamer
PSN-01616,whale
PSN-01617,casual
PSN-01618,new_player
PSN-01619,whale
PSN-01620,core_gamer
PSN-01621,casual
PSN-01622,lapsed
PSN-01623,core_gamer
PSN-01624,casual
PSN-01625,lapsed
PSN-01626,casual
PSN-01627,core_gamer
PSN-01628,core_gamer
PSN-01629,casual
PSN-01630,casual
PSN-01631,dormant
PSN-01632,casual
PSN-01633,lapsed
PSN-01634,new_player
PSN-01635,casual
PSN-01636,casual
PSN-01637,dormant
PSN-01638,core_gamer
PSN-01639,lapsed
PSN-01640,lapsed
PSN-01641,core_gamer
PSN-01642,casual
PSN-01643,core_gamer
PSN-01644,core_gamer
PSN-01645,casual
PSN-01646,core_gamer
PSN-01647,lapsed
PSN-01648,dormant
PSN-01649,lapsed
PSN-01650,core_gamer
PSN-01651,core_gamer
PSN-01652,core_gamer
PSN-01653,core_gamer
PSN-01654,new_player
PSN-01655,casual
PSN-01656,core_gamer
PSN-01657,dormant
PSN-01658,casual
PSN-01659,whale
PSN-01660,core_gamer
PSN-01661,casual
PSN-01662,lapsed
PSN-01663,core_gamer
PSN-01664,dormant
PSN-01665,dormant
PSN-01666,dormant
PSN-01667,core_gamer
PSN-01668,whale
PSN-01669,dormant
PSN-01670,core_gamer
PSN-01671,casual
PSN-01672,lapsed
PSN-01673,core_gamer
PSN-01674,lapsed
PSN-01675,new_player
PSN-01676,lapsed
PSN-01677,casual
PSN-01678,dormant
PSN-01679,casual
PSN-01680,lapsed
PSN-01681,lapsed
PSN-01682,lapsed
PSN-01683,core_gamer
PSN-01684,core_gamer
PSN-01685,core_gamer
PSN-01686,casual
PSN-01687,casual
PSN-01688,casual
PSN-01689,casual
PSN-01690,lapsed
PSN-01691,dormant
PSN-01692,core_gamer
PSN-01693,lapsed
PSN-01694,casual
PSN-01695,casual
PSN-01696,core_gamer
PSN-01697,lapsed
PSN-01698,new_player
PSN-01699,lapsed
PSN-01700,dormant
PSN-01701,new_player
PSN-01702,casual
PSN-01703,casual
PSN-01704,casual
PSN-01705,new_player
PSN-01706,core_gamer
PSN-01707,casual
PSN-01708,dormant
PSN-01709,core_gamer
PSN-01710,lapsed
PSN-01711,casual
PSN-01712,new_player
PSN-01713,dormant
PSN-01714,core_gamer
PSN-01715,lapsed
PSN-01716,casual
PSN-01717,casual
PSN-01718,casual
PSN-01719,lapsed
PSN-01720,whale
PSN-01721,core_gamer
PSN-01722,lapsed
PSN-01723,casual
PSN-01724,casual
PSN-01725,whale
PSN-01726,casual
PSN-01727,dormant
PSN-01728,whale
PSN-01729,casual
PSN-01730,new_player
PSN-01731,whale
PSN-01732,lapsed
PSN-01733,core_gamer
PSN-01734,dormant
PSN-01735,lapsed
PSN-01736,dormant
PSN-01737,core_gamer
PSN-01738,casual
PSN-01739,lapsed
PSN-01740,core_gamer
PSN-01741,core_gamer
PSN-01742,whale
PSN-01743,new_player
PSN-01744,lapsed
PSN-01745,casual
PSN-01746,lapsed
PSN-01747,casual
PSN-01748,casual
PSN-01749,casual
PSN-01750,casual
PSN-01751,core_gamer
PSN-01752,dormant
PSN-01753,lapsed
PSN-01754,casual
PSN-01755,casual
PSN-01756,core_gamer
PSN-01757,new_player
PSN-01758,dormant
PSN-01759,dormant
PSN-01760,casual
PSN-01761,core_gamer
PSN-01762,core_gamer
PSN-01763,core_gamer
PSN-01764,core_gamer
PSN-01765,whale
PSN-01766,new_player
PSN-01767,whale
PSN-01768,core_gamer
PSN-01769,lapsed
PSN-01770,casual
PSN-01771,lapsed
PSN-01772,casual
PSN-01773,dormant
PSN-01774,casual
PSN-01775,casual
PSN-01776,lapsed
PSN-01777,casual
PSN-01778,casual
PSN-01779,casual
PSN-01780,core_gamer
PSN-01781,lapsed
PSN-01782,core_gamer
PSN-01783,core_gamer
PSN-01784,core_gamer
PSN-01785,dormant
PSN-01786,casual
PSN-01787,lapsed
PSN-01788,dormant
PSN-01789,whale
PSN-01790,lapsed
PSN-01791,core_gamer
PSN-01792,core_gamer
PSN-01793,lapsed
PSN-01794,dormant
PSN-01795,core_gamer
PSN-01796,casual
PSN-01797,core_gamer
PSN-01798,casual
PSN-01799,casual
PSN-01800,casual
PSN-01801,casual
PSN-01802,core_gamer
PSN-01803,lapsed
PSN-01804,casual
PSN-01805,lapsed
PSN-01806,whale
PSN-01807,casual
PSN-01808,casual
PSN-01809,core_gamer
PSN-01810,core_gamer
PSN-01811,casual
PSN-01812,lapsed
PSN-01813,core_gamer
PSN-01814,lapsed
PSN-01815,casual
PSN-01816,lapsed
PSN-01817,casual
PSN-01818,casual
PSN-01819,casual
PSN-01820,dormant
PSN-01821,casual
PSN-01822,casual
PSN-01823,casual
PSN-01824,lapsed
PSN-01825,whale
PSN-01826,casual
PSN-01827,casual
PSN-01828,dormant
PSN-01829,casual
PSN-01830,casual
PSN-01831,new_player
PSN-01832,casual
PSN-01833,core_gamer
PSN-01834,core_gamer
PSN-01835,core_gamer
PSN-01836,whale
PSN-01837,casual
PSN-01838,lapsed
PSN-01839,lapsed
PSN-01840,whale
PSN-01841,casual
PSN-01842,core_gamer
PSN-01843,new_player
PSN-01844,core_gamer
PSN-01845,casual
PSN-01846,core_gamer
PSN-01847,casual
PSN-01848,casual
PSN-01849,lapsed
PSN-01850,core_gamer
PSN-01851,dormant
PSN-01852,casual
PSN-01853,lapsed
PSN-01854,dormant
PSN-01855,new_player
PSN-01856,core_gamer
PSN-01857,core_gamer
PSN-01858,core_gamer
PSN-01859,core_gamer
PSN-01860,casual
PSN-01861,new_player
PSN-01862,new_player
PSN-01863,casual
PSN-01864,casual
PSN-01865,dormant
PSN-01866,new_player
PSN-01867,core_gamer
PSN-01868,casual
PSN-01869,dormant
PSN-01870,core_gamer
PSN-01871,casual
PSN-01872,new_player
PSN-01873,new_player
PSN-01874,dormant
PSN-01875,lapsed
PSN-01876,core_gamer
PSN-01877,core_gamer
PSN-01878,casual
PSN-01879,casual
PSN-01880,casual
PSN-01881,casual
PSN-01882,casual
PSN-01883,lapsed
PSN-01884,casual
PSN-01885,casual
PSN-01886,core_gamer
PSN-01887,core_gamer
PSN-01888,dormant
PSN-01889,casual
PSN-01890,core_gamer
PSN-01891,lapsed
PSN-01892,casual
PSN-01893,whale
PSN-01894,core_gamer
PSN-01895,core_gamer
PSN-01896,casual
PSN-01897,core_gamer
PSN-01898,whale
PSN-01899,whale
PSN-01900,casual
PSN-01901,whale
PSN-01902,dormant
PSN-01903,core_gamer
PSN-01904,casual
PSN-01905,casual
PSN-01906,casual
PSN-01907,whale
PSN-01908,lapsed
PSN-01909,dormant
PSN-01910,whale
PSN-01911,core_gamer
PSN-01912,dormant
PSN-01913,casual
PSN-01914,core_gamer
PSN-01915,core_gamer
PSN-01916,casual
PSN-01917,lapsed
PSN-01918,casual
PSN-01919,new_player
PSN-01920,casual
PSN-01921,core_gamer
PSN-01922,casual
PSN-01923,casual
PSN-01924,core_gamer
PSN-01925,whale
PSN-01926,casual
PSN-01927,lapsed
PSN-01928,whale
PSN-01929,casual
PSN-01930,casual
PSN-01931,casual
PSN-01932,lapsed
PSN-01933,lapsed
PSN-01934,lapsed
PSN-01935,core_gamer
PSN-01936,casual
PSN-01937,casual
PSN-01938,core_gamer
PSN-01939,whale
PSN-01940,core_gamer
PSN-01941,casual
PSN-01942,casual
PSN-01943,core_gamer
PSN-01944,lapsed
PSN-01945,dormant
PSN-01946,core_gamer
PSN-01947,dormant
PSN-01948,whale
PSN-01949,dormant
PSN-01950,new_player
PSN-01951,whale
PSN-01952,lapsed
PSN-01953,new_player
PSN-01954,dormant
PSN-01955,new_player
PSN-01956,casual
PSN-01957,whale
PSN-01958,dormant
PSN-01959,casual
PSN-01960,casual
PSN-01961,casual
PSN-01962,casual
PSN-01963,core_gamer
PSN-01964,lapsed
PSN-01965,whale
PSN-01966,lapsed
PSN-01967,dormant
PSN-01968,casual
PSN-01969,casual
PSN-01970,core_gamer
PSN-01971,new_player
PSN-01972,lapsed
PSN-01973,casual
PSN-01974,core_gamer
PSN-01975,core_gamer
PSN-01976,casual
PSN-01977,new_player
PSN-01978,lapsed
PSN-01979,core_gamer
PSN-01980,dormant
PSN-01981,casual
PSN-01982,dormant
PSN-01983,core_gamer
PSN-01984,casual
PSN-01985,dormant
PSN-01986,core_gamer
PSN-01987,lapsed
PSN-01988,new_player
PSN-01989,core_gamer
PSN-01990,core_gamer
PSN-01991,casual
PSN-01992,casual
PSN-01993,whale
PSN-01994,casual
PSN-01995,lapsed
PSN-01996,core_gamer
PSN-01997,casual
PSN-01998,dormant
PSN-01999,casual
PSN-02000,dormant
PSN-02001,casual
PSN-02002,new_player
PSN-02003,casual
PSN-02004,core_gamer
PSN-02005,dormant
PSN-02006,casual
PSN-02007,core_gamer
PSN-02008,core_gamer
PSN-02009,lapsed
PSN-02010,whale
PSN-02011,core_gamer
PSN-02012,core_gamer
PSN-02013,casual
PSN-02014,casual
PSN-02015,casual
PSN-02016,core_gamer
PSN-02017,whale
PSN-02018,casual
PSN-02019,casual
PSN-02020,casual
PSN-02021,core_gamer
PSN-02022,whale
PSN-02023,core_gamer
PSN-02024,casual
PSN-02025,casual
PSN-02026,lapsed
PSN-02027,casual
PSN-02028,casual
PSN-02029,casual
PSN-02030,whale
PSN-02031,casual
PSN-02032,casual
PSN-02033,casual
PSN-02034,core_gamer
PSN-02035,lapsed
PSN-02036,new_player
PSN-02037,whale
PSN-02038,casual
PSN-02039,lapsed
PSN-02040,core_gamer
PSN-02041,lapsed
PSN-02042,casual
PSN-02043,dormant
PSN-02044,new_player
PSN-02045,whale
PSN-02046,casual
PSN-02047,casual
PSN-02048,core_gamer
PSN-02049,casual
PSN-02050,new_player
PSN-02051,whale
PSN-02052,casual
PSN-02053,dormant
PSN-02054,core_gamer
PSN-02055,casual
PSN-02056,new_player
PSN-02057,casual
PSN-02058,core_gamer
PSN-02059,whale
PSN-02060,new_player
PSN-02061,core_gamer
PSN-02062,casual
PSN-02063,core_gamer
PSN-02064,casual
PSN-02065,new_player
PSN-02066,casual
PSN-02067,new_player
PSN-02068,core_gamer
PSN-02069,casual
PSN-02070,dormant
PSN-02071,casual
PSN-02072,core_gamer
PSN-02073,dormant
PSN-02074,casual
PSN-02075,casual
PSN-02076,new_player
PSN-02077,core_gamer
PSN-02078,core_gamer
PSN-02079,whale
PSN-02080,casual
PSN-02081,core_gamer
PSN-02082,lapsed
PSN-02083,core_gamer
PSN-02084,casual
PSN-02085,core_gamer
PSN-02086,casual
PSN-02087,casual
PSN-02088,lapsed
PSN-02089,casual
PSN-02090,casual
PSN-02091,dormant
PSN-02092,casual
PSN-02093,core_gamer
PSN-02094,dormant
PSN-02095,casual
PSN-02096,whale
PSN-02097,casual
PSN-02098,core_gamer
PSN-02099,core_gamer
PSN-02100,lapsed
PSN-02101,core_gamer
PSN-02102,lapsed
PSN-02103,new_player
PSN-02104,casual
PSN-02105,lapsed
PSN-02106,lapsed
PSN-02107,new_player
PSN-02108,casual
PSN-02109,core_gamer
PSN-02110,casual
PSN-02111,casual
PSN-02112,core_gamer
PSN-02113,casual
PSN-02114,whale
PSN-02115,dormant
PSN-02116,core_gamer
PSN-02117,whale
PSN-02118,core_gamer
PSN-02119,core_gamer
PSN-02120,core_gamer
PSN-02121,whale
PSN-02122,core_gamer
PSN-02123,core_gamer
PSN-02124,casual
PSN-02125,casual
PSN-02126,casual
PSN-02127,core_gamer
PSN-02128,core_gamer
PSN-02129,whale
PSN-02130,core_gamer
PSN-02131,lapsed
PSN-02132,new_player
PSN-02133,dormant
PSN-02134,casual
PSN-02135,casual
PSN-02136,core_gamer
PSN-02137,lapsed
PSN-02138,lapsed
PSN-02139,dormant
PSN-02140,dormant
PSN-02141,casual
PSN-02142,lapsed
PSN-02143,lapsed
PSN-02144,core_gamer
PSN-02145,dormant
PSN-02146,core_gamer
PSN-02147,new_player
PSN-02148,lapsed
PSN-02149,core_gamer
PSN-02150,casual
PSN-02151,whale
PSN-02152,lapsed
PSN-02153,lapsed
PSN-02154,casual
PSN-02155,dormant
PSN-02156,core_gamer
PSN-02157,core_gamer
PSN-02158,casual
PSN-02159,whale
PSN-02160,casual
PSN-02161,core_gamer
PSN-02162,casual
PSN-02163,casual
PSN-02164,dormant
PSN-02165,core_gamer
PSN-02166,dormant
PSN-02167,casual
PSN-02168,core_gamer
PSN-02169,casual
PSN-02170,casual
PSN-02171,core_gamer
PSN-02172,casual
PSN-02173,core_gamer
PSN-02174,casual
PSN-02175,casual
PSN-02176,casual
PSN-02177,lapsed
PSN-02178,core_gamer
PSN-02179,new_player
PSN-02180,lapsed
PSN-02181,new_player
PSN-02182,dormant
PSN-02183,core_gamer
PSN-02184,casual
PSN-02185,core_gamer
PSN-02186,lapsed
PSN-02187,casual
PSN-02188,core_gamer
PSN-02189,dormant
PSN-02190,core_gamer
PSN-02191,casual
PSN-02192,lapsed
PSN-02193,whale
PSN-02194,casual
PSN-02195,lapsed
PSN-02196,whale
PSN-02197,casual
PSN-02198,core_gamer
PSN-02199,casual
PSN-02200,core_gamer
PSN-02201,new_player
PSN-02202,dormant
PSN-02203,core_gamer
PSN-02204,core_gamer
PSN-02205,casual
PSN-02206,lapsed
PSN-02207,casual
PSN-02208,core_gamer
PSN-02209,core_gamer
PSN-02210,new_player
PSN-02211,casual
PSN-02212,dormant
PSN-02213,casual
PSN-02214,dormant
PSN-02215,core_gamer
PSN-02216,core_gamer
PSN-02217,dormant
PSN-02218,new_player
PSN-02219,core_gamer
PSN-02220,casual
PSN-02221,casual
PSN-02222,casual
PSN-02223,core_gamer
PSN-02224,dormant
PSN-02225,core_gamer
PSN-02226,lapsed
PSN-02227,whale
PSN-02228,whale
PSN-02229,casual
PSN-02230,casual
PSN-02231,casual
PSN-02232,core_gamer
PSN-02233,new_player
PSN-02234,lapsed
PSN-02235,dormant
PSN-02236,core_gamer
PSN-02237,core_gamer
PSN-02238,casual
PSN-02239,casual
PSN-02240,core_gamer
PSN-02241,whale
PSN-02242,casual
PSN-02243,core_gamer
PSN-02244,casual
PSN-02245,core_gamer
PSN-02246,core_gamer
PSN-02247,casual
PSN-02248,casual
PSN-02249,casual
PSN-02250,casual
PSN-02251,lapsed
PSN-02252,casual
PSN-02253,casual
PSN-02254,new_player
PSN-02255,casual
PSN-02256,dormant
PSN-02257,lapsed
PSN-02258,whale
PSN-02259,casual
PSN-02260,lapsed
PSN-02261,new_player
PSN-02262,casual
PSN-02263,core_gamer
PSN-02264,casual
PSN-02265,core_gamer
PSN-02266,lapsed
PSN-02267,casual
PSN-02268,lapsed
PSN-02269,dormant
PSN-02270,casual
PSN-02271,casual
PSN-02272,lapsed
PSN-02273,dormant
PSN-02274,dormant
PSN-02275,whale
PSN-02276,casual
PSN-02277,core_gamer
PSN-02278,dormant
PSN-02279,casual
PSN-02280,casual
PSN-02281,core_gamer
PSN-02282,casual
PSN-02283,lapsed
PSN-02284,core_gamer
PSN-02285,core_gamer
PSN-02286,dormant
PSN-02287,lapsed
PSN-02288,core_gamer
PSN-02289,core_gamer
PSN-02290,new_player
PSN-02291,lapsed
PSN-02292,casual
PSN-02293,core_gamer
PSN-02294,core_gamer
PSN-02295,whale
PSN-02296,lapsed
PSN-02297,whale
PSN-02298,whale
PSN-02299,lapsed
PSN-02300,new_player
PSN-02301,lapsed
PSN-02302,casual
PSN-02303,casual
PSN-02304,casual
PSN-02305,core_gamer
PSN-02306,casual
PSN-02307,casual
PSN-02308,casual
PSN-02309,dormant
PSN-02310,new_player
PSN-02311,whale
PSN-02312,casual
PSN-02313,core_gamer
PSN-02314,casual
PSN-02315,core_gamer
PSN-02316,core_gamer
PSN-02317,lapsed
PSN-02318,casual
PSN-02319,dormant
PSN-02320,whale
PSN-02321,whale
PSN-02322,casual
PSN-02323,core_gamer
PSN-02324,core_gamer
PSN-02325,new_player
PSN-02326,core_gamer
PSN-02327,core_gamer
PSN-02328,casual
PSN-02329,casual
PSN-02330,casual
PSN-02331,casual
PSN-02332,lapsed
PSN-02333,core_gamer
PSN-02334,casual
PSN-02335,lapsed
PSN-02336,dormant
PSN-02337,casual
PSN-02338,casual
PSN-02339,whale
PSN-02340,core_gamer
PSN-02341,whale
PSN-02342,lapsed
PSN-02343,core_gamer
PSN-02344,lapsed
PSN-02345,whale
PSN-02346,dormant
PSN-02347,dormant
PSN-02348,core_gamer
PSN-02349,whale
PSN-02350,whale
PSN-02351,dormant
PSN-02352,core_gamer
PSN-02353,casual
PSN-02354,casual
PSN-02355,lapsed
PSN-02356,casual
PSN-02357,casual
PSN-02358,new_player
PSN-02359,core_gamer
PSN-02360,dormant
PSN-02361,whale
PSN-02362,casual
PSN-02363,dormant
PSN-02364,casual
PSN-02365,lapsed
PSN-02366,core_gamer
PSN-02367,casual
PSN-02368,casual
PSN-02369,casual
PSN-02370,casual
PSN-02371,core_gamer
PSN-02372,core_gamer
PSN-02373,core_gamer
PSN-02374,casual
PSN-02375,core_gamer
PSN-02376,dormant
PSN-02377,casual
PSN-02378,core_gamer
PSN-02379,lapsed
PSN-02380,dormant
PSN-02381,core_gamer
PSN-02382,core_gamer
PSN-02383,whale
PSN-02384,whale
PSN-02385,lapsed
PSN-02386,new_player
PSN-02387,whale
PSN-02388,lapsed
PSN-02389,whale
PSN-02390,casual
PSN-02391,lapsed
PSN-02392,casual
PSN-02393,whale
PSN-02394,casual
PSN-02395,new_player
PSN-02396,core_gamer
PSN-02397,core_gamer
PSN-02398,core_gamer
PSN-02399,casual
PSN-02400,casual
PSN-02401,lapsed
PSN-02402,lapsed
PSN-02403,dormant
PSN-02404,lapsed
PSN-02405,core_gamer
PSN-02406,casual
PSN-02407,core_gamer
PSN-02408,core_gamer
PSN-02409,new_player
PSN-02410,lapsed
PSN-02411,new_player
PSN-02412,casual
PSN-02413,casual
PSN-02414,casual
PSN-02415,core_gamer
PSN-02416,core_gamer
PSN-02417,casual
PSN-02418,whale
PSN-02419,new_player
PSN-02420,core_gamer
PSN-02421,core_gamer
PSN-02422,lapsed
PSN-02423,core_gamer
PSN-02424,dormant
PSN-02425,lapsed
PSN-02426,whale
PSN-02427,lapsed
PSN-02428,casual
PSN-02429,lapsed
PSN-02430,lapsed
PSN-02431,lapsed
PSN-02432,casual
PSN-02433,core_gamer
PSN-02434,lapsed
PSN-02435,new_player
PSN-02436,casual
PSN-02437,casual
PSN-02438,casual
PSN-02439,lapsed
PSN-02440,new_player
PSN-02441,core_gamer
PSN-02442,core_gamer
PSN-02443,casual
PSN-02444,casual
PSN-02445,casual
PSN-02446,whale
PSN-02447,casual
PSN-02448,casual
PSN-02449,casual
PSN-02450,casual
PSN-02451,lapsed
PSN-02452,casual
PSN-02453,lapsed
PSN-02454,casual
PSN-02455,casual
PSN-02456,casual
PSN-02457,core_gamer
PSN-02458,core_gamer
PSN-02459,casual
PSN-02460,dormant
PSN-02461,casual
PSN-02462,core_gamer
PSN-02463,casual
PSN-02464,core_gamer
PSN-02465,lapsed
PSN-02466,lapsed
PSN-02467,casual
PSN-02468,casual
PSN-02469,casual
PSN-02470,casual
PSN-02471,dormant
PSN-02472,lapsed
PSN-02473,casual
PSN-02474,casual
PSN-02475,whale
PSN-02476,core_gamer
PSN-02477,core_gamer
PSN-02478,casual
PSN-02479,new_player
PSN-02480,casual
PSN-02481,core_gamer
PSN-02482,core_gamer
PSN-02483,casual
PSN-02484,lapsed
PSN-02485,casual
PSN-02486,lapsed
PSN-02487,lapsed
PSN-02488,core_gamer
PSN-02489,casual
PSN-02490,new_player
PSN-02491,casual
PSN-02492,whale
PSN-02493,dormant
PSN-02494,dormant
PSN-02495,casual
PSN-02496,casual
PSN-02497,core_gamer
PSN-02498,lapsed
PSN-02499,casual
PSN-02500,whale
PSN-02501,lapsed
PSN-02502,new_player
PSN-02503,lapsed
PSN-02504,core_gamer
PSN-02505,whale
PSN-02506,new_player
PSN-02507,new_player
PSN-02508,casual
PSN-02509,casual
PSN-02510,casual
PSN-02511,casual
PSN-02512,core_gamer
PSN-02513,core_gamer
PSN-02514,core_gamer
PSN-02515,dormant
PSN-02516,core_gamer
PSN-02517,core_gamer
PSN-02518,casual
PSN-02519,core_gamer
PSN-02520,core_gamer
PSN-02521,casual
PSN-02522,casual
PSN-02523,casual
PSN-02524,dormant
PSN-02525,core_gamer
PSN-02526,dormant
PSN-02527,dormant
PSN-02528,lapsed
PSN-02529,casual
PSN-02530,casual
PSN-02531,casual
PSN-02532,lapsed
PSN-02533,whale
PSN-02534,new_player
PSN-02535,casual
PSN-02536,lapsed
PSN-02537,casual
PSN-02538,whale
PSN-02539,casual
PSN-02540,casual
PSN-02541,casual
PSN-02542,casual
PSN-02543,core_gamer
PSN-02544,casual
PSN-02545,casual
PSN-02546,new_player
PSN-02547,core_gamer
PSN-02548,core_gamer
PSN-02549,core_gamer
PSN-02550,casual
PSN-02551,casual
PSN-02552,casual
PSN-02553,new_player
PSN-02554,core_gamer
PSN-02555,lapsed
PSN-02556,whale
PSN-02557,core_gamer
PSN-02558,casual
PSN-02559,whale
PSN-02560,casual
PSN-02561,casual
PSN-02562,lapsed
PSN-02563,casual
PSN-02564,casual
PSN-02565,casual
PSN-02566,whale
PSN-02567,core_gamer
PSN-02568,casual
PSN-02569,new_player
PSN-02570,whale
PSN-02571,casual
PSN-02572,lapsed
PSN-02573,lapsed
PSN-02574,casual
PSN-02575,casual
PSN-02576,lapsed
PSN-02577,dormant
PSN-02578,core_gamer
PSN-02579,dormant
PSN-02580,whale
PSN-02581,dormant
PSN-02582,whale
PSN-02583,core_gamer
PSN-02584,whale
PSN-02585,casual
PSN-02586,casual
PSN-02587,core_gamer
PSN-02588,casual
PSN-02589,casual
PSN-02590,lapsed
PSN-02591,dormant
PSN-02592,casual
PSN-02593,core_gamer
PSN-02594,core_gamer
PSN-02595,dormant
PSN-02596,core_gamer
PSN-02597,casual
PSN-02598,new_player
PSN-02599,new_player
PSN-02600,casual
PSN-02601,casual
PSN-02602,casual
PSN-02603,lapsed
PSN-02604,whale
PSN-02605,core_gamer
PSN-02606,casual
PSN-02607,core_gamer
PSN-02608,casual
PSN-02609,casual
PSN-02610,dormant
PSN-02611,lapsed
PSN-02612,casual
PSN-02613,lapsed
PSN-02614,core_gamer
PSN-02615,casual
PSN-02616,core_gamer
PSN-02617,dormant
PSN-02618,lapsed
PSN-02619,dormant
PSN-02620,dormant
PSN-02621,new_player
PSN-02622,core_gamer
PSN-02623,new_player
PSN-02624,casual
PSN-02625,casual
PSN-02626,casual
PSN-02627,casual
PSN-02628,core_gamer
PSN-02629,core_gamer
PSN-02630,core_gamer
PSN-02631,casual
PSN-02632,dormant
PSN-02633,casual
PSN-02634,casual
PSN-02635,casual
PSN-02636,casual
PSN-02637,core_gamer
PSN-02638,lapsed
PSN-02639,core_gamer
PSN-02640,lapsed
PSN-02641,lapsed
PSN-02642,casual
PSN-02643,dormant
PSN-02644,core_gamer
PSN-02645,dormant
PSN-02646,lapsed
PSN-02647,lapsed
PSN-02648,casual
PSN-02649,dormant
PSN-02650,new_player
PSN-02651,casual
PSN-02652,lapsed
PSN-02653,lapsed
PSN-02654,casual
PSN-02655,dormant
PSN-02656,casual
PSN-02657,casual
PSN-02658,core_gamer
PSN-02659,core_gamer
PSN-02660,dormant
PSN-02661,casual
PSN-02662,casual
PSN-02663,core_gamer
PSN-02664,casual
PSN-02665,lapsed
PSN-02666,dormant
PSN-02667,whale
PSN-02668,casual
PSN-02669,casual
PSN-02670,casual
PSN-02671,casual
PSN-02672,casual
PSN-02673,casual
PSN-02674,casual
PSN-02675,casual
PSN-02676,casual
PSN-02677,lapsed
PSN-02678,lapsed
PSN-02679,casual
PSN-02680,lapsed
PSN-02681,dormant
PSN-02682,core_gamer
PSN-02683,casual
PSN-02684,core_gamer
PSN-02685,lapsed
PSN-02686,core_gamer
PSN-02687,casual
PSN-02688,core_gamer
PSN-02689,casual
PSN-02690,new_player
PSN-02691,casual
PSN-02692,dormant
PSN-02693,new_player
PSN-02694,dormant
PSN-02695,core_gamer
PSN-02696,lapsed
PSN-02697,whale
PSN-02698,casual
PSN-02699,dormant
PSN-02700,lapsed
PSN-02701,casual
PSN-02702,casual
PSN-02703,lapsed
PSN-02704,lapsed
PSN-02705,casual
PSN-02706,dormant
PSN-02707,core_gamer
PSN-02708,core_gamer
PSN-02709,casual
PSN-02710,new_player
PSN-02711,core_gamer
PSN-02712,core_gamer
PSN-02713,core_gamer
PSN-02714,dormant
PSN-02715,core_gamer
PSN-02716,casual
PSN-02717,new_player
PSN-02718,whale
PSN-02719,casual
PSN-02720,casual
PSN-02721,lapsed
PSN-02722,casual
PSN-02723,casual
PSN-02724,core_gamer
PSN-02725,lapsed
PSN-02726,lapsed
PSN-02727,core_gamer
PSN-02728,casual
PSN-02729,dormant
PSN-02730,whale
PSN-02731,core_gamer
PSN-02732,casual
PSN-02733,casual
PSN-02734,core_gamer
PSN-02735,casual
PSN-02736,core_gamer
PSN-02737,casual
PSN-02738,lapsed
PSN-02739,casual
PSN-02740,core_gamer
PSN-02741,dormant
PSN-02742,core_gamer
PSN-02743,lapsed
PSN-02744,casual
PSN-02745,lapsed
PSN-02746,core_gamer
PSN-02747,core_gamer
PSN-02748,casual
PSN-02749,whale
PSN-02750,core_gamer
PSN-02751,lapsed
PSN-02752,dormant
PSN-02753,core_gamer
PSN-02754,dormant
PSN-02755,lapsed
PSN-02756,dormant
PSN-02757,lapsed
PSN-02758,casual
PSN-02759,casual
PSN-02760,casual
PSN-02761,dormant
PSN-02762,core_gamer
PSN-02763,core_gamer
PSN-02764,whale
PSN-02765,new_player
PSN-02766,casual
PSN-02767,casual
PSN-02768,dormant
PSN-02769,new_player
PSN-02770,core_gamer
PSN-02771,lapsed
PSN-02772,dormant
PSN-02773,whale
PSN-02774,lapsed
PSN-02775,casual
PSN-02776,casual
PSN-02777,casual
PSN-02778,core_gamer
PSN-02779,core_gamer
PSN-02780,core_gamer
PSN-02781,core_gamer
PSN-02782,casual
PSN-02783,casual
PSN-02784,core_gamer
PSN-02785,lapsed
PSN-02786,lapsed
PSN-02787,casual
PSN-02788,new_player
PSN-02789,casual
PSN-02790,dormant
PSN-02791,whale
PSN-02792,lapsed
PSN-02793,new_player
PSN-02794,dormant
PSN-02795,casual
PSN-02796,casual
PSN-02797,casual
PSN-02798,casual
PSN-02799,lapsed
PSN-02800,new_player
PSN-02801,casual
PSN-02802,whale
PSN-02803,casual
PSN-02804,core_gamer
PSN-02805,core_gamer
PSN-02806,core_gamer
PSN-02807,lapsed
PSN-02808,core_gamer
PSN-02809,core_gamer
PSN-02810,whale
PSN-02811,dormant
PSN-02812,lapsed
PSN-02813,whale
PSN-02814,whale
PSN-02815,casual
PSN-02816,core_gamer
PSN-02817,casual
PSN-02818,casual
PSN-02819,dormant
PSN-02820,core_gamer
PSN-02821,casual
PSN-02822,whale
PSN-02823,new_player
PSN-02824,new_player
PSN-02825,lapsed
PSN-02826,casual
PSN-02827,core_gamer
PSN-02828,lapsed
PSN-02829,lapsed
PSN-02830,core_gamer
PSN-02831,casual
PSN-02832,casual
PSN-02833,lapsed
PSN-02834,lapsed
PSN-02835,casual
PSN-02836,casual
PSN-02837,core_gamer
PSN-02838,casual
PSN-02839,whale
PSN-02840,lapsed
PSN-02841,casual
PSN-02842,casual
PSN-02843,core_gamer
PSN-02844,core_gamer
PSN-02845,casual
PSN-02846,core_gamer
PSN-02847,whale
PSN-02848,lapsed
PSN-02849,casual
PSN-02850,casual
PSN-02851,casual
PSN-02852,lapsed
PSN-02853,core_gamer
PSN-02854,lapsed
PSN-02855,new_player
PSN-02856,casual
PSN-02857,casual
PSN-02858,lapsed
PSN-02859,casual
PSN-02860,casual
PSN-02861,casual
PSN-02862,core_gamer
PSN-02863,core_gamer
PSN-02864,casual
PSN-02865,core_gamer
PSN-02866,casual
PSN-02867,casual
PSN-02868,new_player
PSN-02869,whale
PSN-02870,casual
PSN-02871,casual
PSN-02872,whale
PSN-02873,core_gamer
PSN-02874,core_gamer
PSN-02875,core_gamer
PSN-02876,core_gamer
PSN-02877,casual
PSN-02878,casual
PSN-02879,whale
PSN-02880,core_gamer
PSN-02881,core_gamer
PSN-02882,casual
PSN-02883,core_gamer
PSN-02884,casual
PSN-02885,core_gamer
PSN-02886,whale
PSN-02887,new_player
PSN-02888,core_gamer
PSN-02889,core_gamer
PSN-02890,core_gamer
PSN-02891,new_player
PSN-02892,casual
PSN-02893,casual
PSN-02894,new_player
PSN-02895,core_gamer
PSN-02896,new_player
PSN-02897,core_gamer
PSN-02898,casual
PSN-02899,casual
PSN-02900,casual
PSN-02901,new_player
PSN-02902,core_gamer
PSN-02903,new_player
PSN-02904,casual
PSN-02905,casual
PSN-02906,new_player
PSN-02907,whale
PSN-02908,dormant
PSN-02909,casual
PSN-02910,lapsed
PSN-02911,core_gamer
PSN-02912,casual
PSN-02913,casual
PSN-02914,casual
PSN-02915,core_gamer
PSN-02916,core_gamer
PSN-02917,dormant
PSN-02918,whale
PSN-02919,lapsed
PSN-02920,new_player
PSN-02921,whale
PSN-02922,core_gamer
PSN-02923,casual
PSN-02924,whale
PSN-02925,casual
PSN-02926,lapsed
PSN-02927,casual
PSN-02928,casual
PSN-02929,lapsed
PSN-02930,casual
PSN-02931,core_gamer
PSN-02932,casual
PSN-02933,dormant
PSN-02934,casual
PSN-02935,casual
PSN-02936,core_gamer
PSN-02937,core_gamer
PSN-02938,core_gamer
PSN-02939,whale
PSN-02940,new_player
PSN-02941,core_gamer
PSN-02942,lapsed
PSN-02943,core_gamer
PSN-02944,core_gamer
PSN-02945,casual
PSN-02946,core_gamer
PSN-02947,lapsed
PSN-02948,new_player
PSN-02949,dormant
PSN-02950,core_gamer
PSN-02951,lapsed
PSN-02952,core_gamer
PSN-02953,dormant
PSN-02954,casual
PSN-02955,casual
PSN-02956,core_gamer
PSN-02957,whale
PSN-02958,core_gamer
PSN-02959,dormant
PSN-02960,lapsed
PSN-02961,new_player
PSN-02962,core_gamer
PSN-02963,casual
PSN-02964,core_gamer
PSN-02965,casual
PSN-02966,core_gamer
PSN-02967,core_gamer
PSN-02968,casual
PSN-02969,core_gamer
PSN-02970,casual
PSN-02971,casual
PSN-02972,core_gamer
PSN-02973,new_player
PSN-02974,casual
PSN-02975,lapsed
PSN-02976,casual
PSN-02977,lapsed
PSN-02978,lapsed
PSN-02979,dormant
PSN-02980,casual
PSN-02981,core_gamer
PSN-02982,core_gamer
PSN-02983,casual
PSN-02984,whale
PSN-02985,core_gamer
PSN-02986,whale
PSN-02987,casual
PSN-02988,core_gamer
PSN-02989,casual
PSN-02990,lapsed
PSN-02991,lapsed
PSN-02992,core_gamer
PSN-02993,casual
PSN-02994,casual
PSN-02995,casual
PSN-02996,casual
PSN-02997,core_gamer
PSN-02998,new_player
PSN-02999,core_gamer
PSN-03000,lapsed
PSN-03001,casual
PSN-03002,core_gamer
PSN-03003,lapsed
PSN-03004,core_gamer
PSN-03005,lapsed
PSN-03006,casual
PSN-03007,core_gamer
PSN-03008,whale
PSN-03009,lapsed
PSN-03010,core_gamer
PSN-03011,dormant
PSN-03012,lapsed
PSN-03013,lapsed
PSN-03014,core_gamer
PSN-03015,lapsed
PSN-03016,new_player
PSN-03017,core_gamer
PSN-03018,core_gamer
PSN-03019,core_gamer
PSN-03020,casual
PSN-03021,lapsed
PSN-03022,casual
PSN-03023,casual
PSN-03024,core_gamer
PSN-03025,core_gamer
PSN-03026,core_gamer
PSN-03027,dormant
PSN-03028,casual
PSN-03029,casual
PSN-03030,lapsed
PSN-03031,whale
PSN-03032,core_gamer
PSN-03033,core_gamer
PSN-03034,new_player
PSN-03035,lapsed
PSN-03036,casual
PSN-03037,whale
PSN-03038,core_gamer
PSN-03039,casual
PSN-03040,casual
PSN-03041,dormant
PSN-03042,lapsed
PSN-03043,casual
PSN-03044,lapsed
PSN-03045,new_player
PSN-03046,casual
PSN-03047,casual
PSN-03048,dormant
PSN-03049,core_gamer
PSN-03050,dormant
PSN-03051,core_gamer
PSN-03052,casual
PSN-03053,lapsed
PSN-03054,casual
PSN-03055,casual
PSN-03056,casual
PSN-03057,core_gamer
PSN-03058,core_gamer
PSN-03059,core_gamer
PSN-03060,casual
PSN-03061,casual
PSN-03062,core_gamer
PSN-03063,dormant
PSN-03064,casual
PSN-03065,casual
PSN-03066,casual
PSN-03067,core_gamer
PSN-03068,lapsed
PSN-03069,casual
PSN-03070,whale
PSN-03071,new_player
PSN-03072,lapsed
PSN-03073,lapsed
PSN-03074,dormant
PSN-03075,dormant
PSN-03076,casual
PSN-03077,casual
PSN-03078,casual
PSN-03079,core_gamer
PSN-03080,core_gamer
PSN-03081,core_gamer
PSN-03082,casual
PSN-03083,lapsed
PSN-03084,lapsed
PSN-03085,core_gamer
PSN-03086,core_gamer
PSN-03087,casual
PSN-03088,casual
PSN-03089,dormant
PSN-03090,dormant
PSN-03091,dormant
PSN-03092,dormant
PSN-03093,new_player
PSN-03094,casual
PSN-03095,whale
PSN-03096,core_gamer
PSN-03097,casual
PSN-03098,core_gamer
PSN-03099,core_gamer
PSN-03100,new_player
PSN-03101,core_gamer
PSN-03102,new_player
PSN-03103,lapsed
PSN-03104,casual
PSN-03105,casual
PSN-03106,casual
PSN-03107,casual
PSN-03108,core_gamer
PSN-03109,new_player
PSN-03110,core_gamer
PSN-03111,core_gamer
PSN-03112,lapsed
PSN-03113,casual
PSN-03114,casual
PSN-03115,casual
PSN-03116,core_gamer
PSN-03117,casual
PSN-03118,core_gamer
PSN-03119,core_gamer
PSN-03120,core_gamer
PSN-03121,casual
PSN-03122,casual
PSN-03123,casual
PSN-03124,core_gamer
PSN-03125,core_gamer
PSN-03126,casual
PSN-03127,core_gamer
PSN-03128,lapsed
PSN-03129,new_player
PSN-03130,casual
PSN-03131,dormant
PSN-03132,core_gamer
PSN-03133,whale
PSN-03134,lapsed
PSN-03135,lapsed
PSN-03136,dormant
PSN-03137,whale
PSN-03138,lapsed
PSN-03139,casual
PSN-03140,core_gamer
PSN-03141,core_gamer
PSN-03142,new_player
PSN-03143,whale
PSN-03144,lapsed
PSN-03145,casual
PSN-03146,lapsed
PSN-03147,lapsed
PSN-03148,dormant
PSN-03149,core_gamer
PSN-03150,whale
PSN-03151,casual
PSN-03152,casual
PSN-03153,core_gamer
PSN-03154,core_gamer
PSN-03155,casual
PSN-03156,whale
PSN-03157,whale
PSN-03158,dormant
PSN-03159,core_gamer
PSN-03160,new_player
PSN-03161,new_player
PSN-03162,core_gamer
PSN-03163,lapsed
PSN-03164,casual
PSN-03165,lapsed
PSN-03166,core_gamer
PSN-03167,core_gamer
PSN-03168,whale
PSN-03169,casual
PSN-03170,new_player
PSN-03171,casual
PSN-03172,lapsed
PSN-03173,new_player
PSN-03174,casual
PSN-03175,whale
PSN-03176,dormant
PSN-03177,casual
PSN-03178,whale
PSN-03179,casual
PSN-03180,new_player
PSN-03181,core_gamer
PSN-03182,casual
PSN-03183,core_gamer
PSN-03184,whale
PSN-03185,core_gamer
PSN-03186,lapsed
PSN-03187,dormant
PSN-03188,core_gamer
PSN-03189,core_gamer
PSN-03190,core_gamer
PSN-03191,whale
PSN-03192,casual
PSN-03193,lapsed
PSN-03194,casual
PSN-03195,casual
PSN-03196,casual
PSN-03197,core_gamer
PSN-03198,core_gamer
PSN-03199,new_player
PSN-03200,lapsed
PSN-03201,dormant
PSN-03202,dormant
PSN-03203,casual
PSN-03204,dormant
PSN-03205,casual
PSN-03206,whale
PSN-03207,whale
PSN-03208,core_gamer
PSN-03209,core_gamer
PSN-03210,casual
PSN-03211,lapsed
PSN-03212,lapsed
PSN-03213,casual
PSN-03214,core_gamer
PSN-03215,lapsed
PSN-03216,casual
PSN-03217,whale
PSN-03218,core_gamer
PSN-03219,casual
PSN-03220,core_gamer
PSN-03221,lapsed
PSN-03222,lapsed
PSN-03223,lapsed
PSN-03224,core_gamer
PSN-03225,lapsed
PSN-03226,casual
PSN-03227,core_gamer
PSN-03228,casual
PSN-03229,casual
PSN-03230,casual
PSN-03231,core_gamer
PSN-03232,casual
PSN-03233,core_gamer
PSN-03234,core_gamer
PSN-03235,core_gamer
PSN-03236,new_player
PSN-03237,core_gamer
PSN-03238,casual
PSN-03239,core_gamer
PSN-03240,dormant
PSN-03241,casual
PSN-03242,dormant
PSN-03243,core_gamer
PSN-03244,core_gamer
PSN-03245,casual
PSN-03246,casual
PSN-03247,lapsed
PSN-03248,dormant
PSN-03249,casual
PSN-03250,new_player
PSN-03251,casual
PSN-03252,core_gamer
PSN-03253,casual
PSN-03254,whale
PSN-03255,lapsed
PSN-03256,core_gamer
PSN-03257,core_gamer
PSN-03258,casual
PSN-03259,whale
PSN-03260,whale
PSN-03261,lapsed
PSN-03262,whale
PSN-03263,casual
PSN-03264,casual
PSN-03265,core_gamer
PSN-03266,core_gamer
PSN-03267,lapsed
PSN-03268,new_player
PSN-03269,core_gamer
PSN-03270,new_player
PSN-03271,casual
PSN-03272,casual
PSN-03273,lapsed
PSN-03274,lapsed
PSN-03275,lapsed
PSN-03276,casual
PSN-03277,casual
PSN-03278,core_gamer
PSN-03279,core_gamer
PSN-03280,casual
PSN-03281,whale
PSN-03282,core_gamer
PSN-03283,core_gamer
PSN-03284,core_gamer
PSN-03285,casual
PSN-03286,casual
PSN-03287,casual
PSN-03288,core_gamer
PSN-03289,casual
PSN-03290,casual
PSN-03291,lapsed
PSN-03292,casual
PSN-03293,casual
PSN-03294,casual
PSN-03295,new_player
PSN-03296,lapsed
PSN-03297,casual
PSN-03298,casual
PSN-03299,whale
PSN-03300,new_player
PSN-03301,core_gamer
PSN-03302,core_gamer
PSN-03303,new_player
PSN-03304,lapsed
PSN-03305,whale
PSN-03306,whale
PSN-03307,whale
PSN-03308,casual
PSN-03309,whale
PSN-03310,new_player
PSN-03311,new_player
PSN-03312,casual
PSN-03313,casual
PSN-03314,core_gamer
PSN-03315,whale
PSN-03316,lapsed
PSN-03317,core_gamer
PSN-03318,core_gamer
PSN-03319,core_gamer
PSN-03320,whale
PSN-03321,casual
PSN-03322,lapsed
PSN-03323,lapsed
PSN-03324,casual
PSN-03325,dormant
PSN-03326,casual
PSN-03327,dormant
PSN-03328,casual
PSN-03329,core_gamer
PSN-03330,new_player
PSN-03331,core_gamer
PSN-03332,whale
PSN-03333,core_gamer
PSN-03334,casual
PSN-03335,casual
PSN-03336,casual
PSN-03337,dormant
PSN-03338,core_gamer
PSN-03339,casual
PSN-03340,casual
PSN-03341,lapsed
PSN-03342,core_gamer
PSN-03343,core_gamer
PSN-03344,casual
PSN-03345,casual
PSN-03346,lapsed
PSN-03347,casual
PSN-03348,lapsed
PSN-03349,casual
PSN-03350,whale
PSN-03351,core_gamer
PSN-03352,whale
PSN-03353,core_gamer
PSN-03354,casual
PSN-03355,casual
PSN-03356,casual
PSN-03357,casual
PSN-03358,casual
PSN-03359,casual
PSN-03360,core_gamer
PSN-03361,casual
PSN-03362,casual
PSN-03363,casual
PSN-03364,core_gamer
PSN-03365,casual
PSN-03366,lapsed
PSN-03367,casual
PSN-03368,core_gamer
PSN-03369,casual
PSN-03370,dormant
PSN-03371,whale
PSN-03372,dormant
PSN-03373,core_gamer
PSN-03374,casual
PSN-03375,casual
PSN-03376,whale
PSN-03377,dormant
PSN-03378,casual
PSN-03379,new_player
PSN-03380,core_gamer
PSN-03381,dormant
PSN-03382,dormant
PSN-03383,casual
PSN-03384,core_gamer
PSN-03385,lapsed
PSN-03386,casual
PSN-03387,new_player
PSN-03388,casual
PSN-03389,core_gamer
PSN-03390,core_gamer
PSN-03391,lapsed
PSN-03392,new_player
PSN-03393,whale
PSN-03394,lapsed
PSN-03395,dormant
PSN-03396,whale
PSN-03397,core_gamer
PSN-03398,lapsed
PSN-03399,casual
PSN-03400,whale
PSN-03401,dormant
PSN-03402,casual
PSN-03403,dormant
PSN-03404,dormant
PSN-03405,lapsed
PSN-03406,casual
PSN-03407,core_gamer
PSN-03408,casual
PSN-03409,core_gamer
PSN-03410,casual
PSN-03411,core_gamer
PSN-03412,casual
PSN-03413,whale
PSN-03414,core_gamer
PSN-03415,core_gamer
PSN-03416,casual
PSN-03417,lapsed
PSN-03418,whale
PSN-03419,dormant
PSN-03420,dormant
PSN-03421,casual
PSN-03422,casual
PSN-03423,casual
PSN-03424,core_gamer
PSN-03425,casual
PSN-03426,core_gamer
PSN-03427,dormant
PSN-03428,dormant
PSN-03429,lapsed
PSN-03430,casual
PSN-03431,casual
PSN-03432,new_player
PSN-03433,core_gamer
PSN-03434,whale
PSN-03435,casual
PSN-03436,core_gamer
PSN-03437,core_gamer
PSN-03438,whale
PSN-03439,casual
PSN-03440,core_gamer
PSN-03441,core_gamer
PSN-03442,whale
PSN-03443,casual
PSN-03444,dormant
PSN-03445,casual
PSN-03446,casual
PSN-03447,lapsed
PSN-03448,core_gamer
PSN-03449,lapsed
PSN-03450,lapsed
PSN-03451,casual
PSN-03452,whale
PSN-03453,whale
PSN-03454,new_player
PSN-03455,lapsed
PSN-03456,new_player
PSN-03457,dormant
PSN-03458,whale
PSN-03459,lapsed
PSN-03460,casual
PSN-03461,lapsed
PSN-03462,whale
PSN-03463,core_gamer
PSN-03464,lapsed
PSN-03465,lapsed
PSN-03466,casual
PSN-03467,core_gamer
PSN-03468,core_gamer
PSN-03469,new_player
PSN-03470,casual
PSN-03471,casual
PSN-03472,casual
PSN-03473,casual
PSN-03474,casual
PSN-03475,casual
PSN-03476,lapsed
PSN-03477,dormant
PSN-03478,new_player
PSN-03479,casual
PSN-03480,casual
PSN-03481,lapsed
PSN-03482,dormant
PSN-03483,casual
PSN-03484,lapsed
PSN-03485,lapsed
PSN-03486,casual
PSN-03487,lapsed
PSN-03488,core_gamer
PSN-03489,casual
PSN-03490,casual
PSN-03491,whale
PSN-03492,dormant
PSN-03493,casual
PSN-03494,core_gamer
PSN-03495,lapsed
PSN-03496,lapsed
PSN-03497,lapsed
PSN-03498,casual
PSN-03499,dormant
PSN-03500,casual
PSN-03501,casual
PSN-03502,whale
PSN-03503,casual
PSN-03504,lapsed
PSN-03505,casual
PSN-03506,casual
PSN-03507,lapsed
PSN-03508,lapsed
PSN-03509,core_gamer
PSN-03510,new_player
PSN-03511,lapsed
PSN-03512,new_player
PSN-03513,new_player
PSN-03514,dormant
PSN-03515,lapsed
PSN-03516,casual
PSN-03517,core_gamer
PSN-03518,casual
PSN-03519,lapsed
PSN-03520,casual
PSN-03521,dormant
PSN-03522,core_gamer
PSN-03523,casual
PSN-03524,casual
PSN-03525,casual
PSN-03526,core_gamer
PSN-03527,core_gamer
PSN-03528,dormant
PSN-03529,casual
PSN-03530,whale
PSN-03531,whale
PSN-03532,casual
PSN-03533,core_gamer
PSN-03534,lapsed
PSN-03535,lapsed
PSN-03536,core_gamer
PSN-03537,casual
PSN-03538,core_gamer
PSN-03539,core_gamer
PSN-03540,dormant
PSN-03541,casual
PSN-03542,dormant
PSN-03543,core_gamer
PSN-03544,casual
PSN-03545,casual
PSN-03546,casual
PSN-03547,new_player
PSN-03548,core_gamer
PSN-03549,dormant
PSN-03550,dormant
PSN-03551,casual
PSN-03552,casual
PSN-03553,casual
PSN-03554,core_gamer
PSN-03555,lapsed
PSN-03556,casual
PSN-03557,dormant
PSN-03558,casual
PSN-03559,casual
PSN-03560,lapsed
PSN-03561,casual
PSN-03562,dormant
PSN-03563,core_gamer
PSN-03564,new_player
PSN-03565,lapsed
PSN-03566,dormant
PSN-03567,casual
PSN-03568,dormant
PSN-03569,core_gamer
PSN-03570,lapsed
PSN-03571,core_gamer
PSN-03572,core_gamer
PSN-03573,casual
PSN-03574,core_gamer
PSN-03575,casual
PSN-03576,lapsed
PSN-03577,core_gamer
PSN-03578,lapsed
PSN-03579,whale
PSN-03580,lapsed
PSN-03581,lapsed
PSN-03582,casual
PSN-03583,lapsed
PSN-03584,dormant
PSN-03585,lapsed
PSN-03586,casual
PSN-03587,casual
PSN-03588,lapsed
PSN-03589,core_gamer
PSN-03590,lapsed
PSN-03591,core_gamer
PSN-03592,lapsed
PSN-03593,core_gamer
PSN-03594,whale
PSN-03595,new_player
PSN-03596,dormant
PSN-03597,dormant
PSN-03598,new_player
PSN-03599,casual
PSN-03600,core_gamer
PSN-03601,core_gamer
PSN-03602,casual
PSN-03603,core_gamer
PSN-03604,new_player
PSN-03605,whale
PSN-03606,core_gamer
PSN-03607,core_gamer
PSN-03608,core_gamer
PSN-03609,core_gamer
PSN-03610,casual
PSN-03611,core_gamer
PSN-03612,casual
PSN-03613,dormant
PSN-03614,casual
PSN-03615,lapsed
PSN-03616,casual
PSN-03617,core_gamer
PSN-03618,core_gamer
PSN-03619,new_player
PSN-03620,casual
PSN-03621,core_gamer
PSN-03622,casual
PSN-03623,dormant
PSN-03624,casual
PSN-03625,casual
PSN-03626,dormant
PSN-03627,casual
PSN-03628,casual
PSN-03629,core_gamer
PSN-03630,core_gamer
PSN-03631,new_player
PSN-03632,casual
PSN-03633,casual
PSN-03634,casual
PSN-03635,whale
PSN-03636,lapsed
PSN-03637,core_gamer
PSN-03638,lapsed
PSN-03639,casual
PSN-03640,core_gamer
PSN-03641,whale
PSN-03642,lapsed
PSN-03643,core_gamer
PSN-03644,whale
PSN-03645,lapsed
PSN-03646,casual
PSN-03647,casual
PSN-03648,core_gamer
PSN-03649,dormant
PSN-03650,core_gamer
PSN-03651,core_gamer
PSN-03652,core_gamer
PSN-03653,core_gamer
PSN-03654,core_gamer
PSN-03655,core_gamer
PSN-03656,core_gamer
PSN-03657,casual
PSN-03658,dormant
PSN-03659,whale
PSN-03660,core_gamer
PSN-03661,dormant
PSN-03662,dormant
PSN-03663,casual
PSN-03664,core_gamer
PSN-03665,casual
PSN-03666,core_gamer
PSN-03667,core_gamer
PSN-03668,casual
PSN-03669,casual
PSN-03670,casual
PSN-03671,casual
PSN-03672,core_gamer
PSN-03673,casual
PSN-03674,lapsed
PSN-03675,dormant
PSN-03676,core_gamer
PSN-03677,casual
PSN-03678,core_gamer
PSN-03679,whale
PSN-03680,lapsed
PSN-03681,core_gamer
PSN-03682,casual
PSN-03683,casual
PSN-03684,core_gamer
PSN-03685,core_gamer
PSN-03686,casual
PSN-03687,new_player
PSN-03688,casual
PSN-03689,casual
PSN-03690,whale
PSN-03691,casual
PSN-03692,core_gamer
PSN-03693,casual
PSN-03694,lapsed
PSN-03695,casual
PSN-03696,core_gamer
PSN-03697,whale
PSN-03698,whale
PSN-03699,casual
PSN-03700,dormant
PSN-03701,core_gamer
PSN-03702,casual
PSN-03703,lapsed
PSN-03704,whale
PSN-03705,core_gamer
PSN-03706,casual
PSN-03707,casual
PSN-03708,casual
PSN-03709,lapsed
PSN-03710,dormant
PSN-03711,lapsed
PSN-03712,new_player
PSN-03713,lapsed
PSN-03714,dormant
PSN-03715,dormant
PSN-03716,lapsed
PSN-03717,lapsed
PSN-03718,new_player
PSN-03719,casual
PSN-03720,casual
PSN-03721,casual
PSN-03722,dormant
PSN-03723,casual
PSN-03724,lapsed
PSN-03725,lapsed
PSN-03726,new_player
PSN-03727,core_gamer
PSN-03728,lapsed
PSN-03729,lapsed
PSN-03730,new_player
PSN-03731,dormant
PSN-03732,casual
PSN-03733,casual
PSN-03734,core_gamer
PSN-03735,new_player
PSN-03736,core_gamer
PSN-03737,lapsed
PSN-03738,lapsed
PSN-03739,casual
PSN-03740,core_gamer
PSN-03741,core_gamer
PSN-03742,dormant
PSN-03743,casual
PSN-03744,core_gamer
PSN-03745,lapsed
PSN-03746,core_gamer
PSN-03747,dormant
PSN-03748,core_gamer
PSN-03749,core_gamer
PSN-03750,core_gamer
PSN-03751,casual
PSN-03752,casual
PSN-03753,lapsed
PSN-03754,casual
PSN-03755,casual
PSN-03756,core_gamer
PSN-03757,core_gamer
PSN-03758,dormant
PSN-03759,core_gamer
PSN-03760,new_player
PSN-03761,core_gamer
PSN-03762,core_gamer
PSN-03763,core_gamer
PSN-03764,whale
PSN-03765,lapsed
PSN-03766,casual
PSN-03767,casual
PSN-03768,casual
PSN-03769,casual
PSN-03770,new_player
PSN-03771,new_player
PSN-03772,lapsed
PSN-03773,lapsed
PSN-03774,lapsed
PSN-03775,casual
PSN-03776,lapsed
PSN-03777,whale
PSN-03778,lapsed
PSN-03779,new_player
PSN-03780,core_gamer
PSN-03781,dormant
PSN-03782,new_player
PSN-03783,core_gamer
PSN-03784,casual
PSN-03785,dormant
PSN-03786,new_player
PSN-03787,core_gamer
PSN-03788,casual
PSN-03789,lapsed
PSN-03790,core_gamer
PSN-03791,core_gamer
PSN-03792,whale
PSN-03793,core_gamer
PSN-03794,casual
PSN-03795,casual
PSN-03796,casual
PSN-03797,lapsed
PSN-03798,casual
PSN-03799,core_gamer
PSN-03800,whale
PSN-03801,core_gamer
PSN-03802,core_gamer
PSN-03803,core_gamer
PSN-03804,whale
PSN-03805,core_gamer
PSN-03806,casual
PSN-03807,casual
PSN-03808,new_player
PSN-03809,lapsed
PSN-03810,casual
PSN-03811,core_gamer
PSN-03812,casual
PSN-03813,whale
PSN-03814,casual
PSN-03815,casual
PSN-03816,casual
PSN-03817,core_gamer
PSN-03818,lapsed
PSN-03819,dormant
PSN-03820,lapsed
PSN-03821,casual
PSN-03822,casual
PSN-03823,whale
PSN-03824,lapsed
PSN-03825,casual
PSN-03826,core_gamer
PSN-03827,core_gamer
PSN-03828,new_player
PSN-03829,casual
PSN-03830,casual
PSN-03831,casual
PSN-03832,casual
PSN-03833,casual
PSN-03834,core_gamer
PSN-03835,casual
PSN-03836,lapsed
PSN-03837,whale
PSN-03838,lapsed
PSN-03839,core_gamer
PSN-03840,lapsed
PSN-03841,casual
PSN-03842,casual
PSN-03843,casual
PSN-03844,new_player
PSN-03845,casual
PSN-03846,lapsed
PSN-03847,lapsed
PSN-03848,core_gamer
PSN-03849,core_gamer
PSN-03850,casual
PSN-03851,core_gamer
PSN-03852,casual
PSN-03853,casual
PSN-03854,casual
PSN-03855,core_gamer
PSN-03856,lapsed
PSN-03857,casual
PSN-03858,lapsed
PSN-03859,core_gamer
PSN-03860,casual
PSN-03861,whale
PSN-03862,casual
PSN-03863,casual
PSN-03864,new_player
PSN-03865,core_gamer
PSN-03866,casual
PSN-03867,core_gamer
PSN-03868,casual
PSN-03869,casual
PSN-03870,casual
PSN-03871,core_gamer
PSN-03872,core_gamer
PSN-03873,core_gamer
PSN-03874,new_player
PSN-03875,casual
PSN-03876,whale
PSN-03877,new_player
PSN-03878,whale
PSN-03879,casual
PSN-03880,lapsed
PSN-03881,dormant
PSN-03882,lapsed
PSN-03883,casual
PSN-03884,new_player
PSN-03885,whale
PSN-03886,new_player
PSN-03887,dormant
PSN-03888,dormant
PSN-03889,core_gamer
PSN-03890,core_gamer
PSN-03891,casual
PSN-03892,casual
PSN-03893,casual
PSN-03894,dormant
PSN-03895,casual
PSN-03896,core_gamer
PSN-03897,casual
PSN-03898,core_gamer
PSN-03899,core_gamer
PSN-03900,core_gamer
PSN-03901,lapsed
PSN-03902,lapsed
PSN-03903,casual
PSN-03904,casual
PSN-03905,casual
PSN-03906,lapsed
PSN-03907,dormant
PSN-03908,casual
PSN-03909,lapsed
PSN-03910,casual
PSN-03911,casual
PSN-03912,dormant
PSN-03913,casual
PSN-03914,casual
PSN-03915,core_gamer
PSN-03916,casual
PSN-03917,casual
PSN-03918,casual
PSN-03919,casual
PSN-03920,core_gamer
PSN-03921,dormant
PSN-03922,casual
PSN-03923,dormant
PSN-03924,core_gamer
PSN-03925,casual
PSN-03926,casual
PSN-03927,lapsed
PSN-03928,core_gamer
PSN-03929,dormant
PSN-03930,casual
PSN-03931,casual
PSN-03932,casual
PSN-03933,whale
PSN-03934,casual
PSN-03935,core_gamer
PSN-03936,casual
PSN-03937,casual
PSN-03938,casual
PSN-03939,core_gamer
PSN-03940,whale
PSN-03941,core_gamer
PSN-03942,core_gamer
PSN-03943,casual
PSN-03944,core_gamer
PSN-03945,dormant
PSN-03946,core_gamer
PSN-03947,core_gamer
PSN-03948,dormant
PSN-03949,core_gamer
PSN-03950,casual
PSN-03951,new_player
PSN-03952,new_player
PSN-03953,lapsed
PSN-03954,whale
PSN-03955,casual
PSN-03956,new_player
PSN-03957,new_player
PSN-03958,core_gamer
PSN-03959,casual
PSN-03960,core_gamer
PSN-03961,core_gamer
PSN-03962,lapsed
PSN-03963,core_gamer
PSN-03964,casual
PSN-03965,core_gamer
PSN-03966,casual
PSN-03967,core_gamer
PSN-03968,casual
PSN-03969,core_gamer
PSN-03970,new_player
PSN-03971,core_gamer
PSN-03972,casual
PSN-03973,core_gamer
PSN-03974,whale
PSN-03975,core_gamer
PSN-03976,whale
PSN-03977,core_gamer
PSN-03978,casual
PSN-03979,casual
PSN-03980,core_gamer
PSN-03981,casual
PSN-03982,casual
PSN-03983,core_gamer
PSN-03984,casual
PSN-03985,whale
PSN-03986,core_gamer
PSN-03987,casual
PSN-03988,new_player
PSN-03989,new_player
PSN-03990,new_player
PSN-03991,casual
PSN-03992,core_gamer
PSN-03993,core_gamer
PSN-03994,core_gamer
PSN-03995,whale
PSN-03996,core_gamer
PSN-03997,casual
PSN-03998,casual
PSN-03999,core_gamer
PSN-04000,lapsed
PSN-04001,casual
PSN-04002,dormant
PSN-04003,core_gamer
PSN-04004,casual
PSN-04005,core_gamer
PSN-04006,casual
PSN-04007,core_gamer
PSN-04008,core_gamer
PSN-04009,casual
PSN-04010,core_gamer
PSN-04011,core_gamer
PSN-04012,dormant
PSN-04013,whale
PSN-04014,casual
PSN-04015,casual
PSN-04016,core_gamer
PSN-04017,casual
PSN-04018,core_gamer
PSN-04019,lapsed
PSN-04020,core_gamer
PSN-04021,core_gamer
PSN-04022,core_gamer
PSN-04023,dormant
PSN-04024,lapsed
PSN-04025,new_player
PSN-04026,casual
PSN-04027,casual
PSN-04028,casual
PSN-04029,dormant
PSN-04030,casual
PSN-04031,casual
PSN-04032,casual
PSN-04033,casual
PSN-04034,core_gamer
PSN-04035,casual
PSN-04036,core_gamer
PSN-04037,dormant
PSN-04038,casual
PSN-04039,lapsed
PSN-04040,casual
PSN-04041,lapsed
PSN-04042,core_gamer
PSN-04043,dormant
PSN-04044,casual
PSN-04045,core_gamer
PSN-04046,core_gamer
PSN-04047,core_gamer
PSN-04048,casual
PSN-04049,lapsed
PSN-04050,new_player
PSN-04051,casual
PSN-04052,casual
PSN-04053,casual
PSN-04054,lapsed
PSN-04055,dormant
PSN-04056,core_gamer
PSN-04057,new_player
PSN-04058,casual
PSN-04059,lapsed
PSN-04060,new_player
PSN-04061,lapsed
PSN-04062,core_gamer
PSN-04063,casual
PSN-04064,core_gamer
PSN-04065,lapsed
PSN-04066,core_gamer
PSN-04067,lapsed
PSN-04068,dormant
PSN-04069,core_gamer
PSN-04070,casual
PSN-04071,casual
PSN-04072,casual
PSN-04073,core_gamer
PSN-04074,whale
PSN-04075,casual
PSN-04076,casual
PSN-04077,casual
PSN-04078,core_gamer
PSN-04079,casual
PSN-04080,casual
PSN-04081,core_gamer
PSN-04082,lapsed
PSN-04083,core_gamer
PSN-04084,casual
PSN-04085,dormant
PSN-04086,casual
PSN-04087,casual
PSN-04088,whale
PSN-04089,core_gamer
PSN-04090,core_gamer
PSN-04091,lapsed
PSN-04092,dormant
PSN-04093,core_gamer
PSN-04094,core_gamer
PSN-04095,core_gamer
PSN-04096,casual
PSN-04097,casual
PSN-04098,lapsed
PSN-04099,dormant
PSN-04100,core_gamer
PSN-04101,casual
PSN-04102,casual
PSN-04103,core_gamer
PSN-04104,dormant
PSN-04105,core_gamer
PSN-04106,lapsed
PSN-04107,lapsed
PSN-04108,dormant
PSN-04109,casual
PSN-04110,core_gamer
PSN-04111,lapsed
PSN-04112,lapsed
PSN-04113,casual
PSN-04114,lapsed
PSN-04115,core_gamer
PSN-04116,casual
PSN-04117,dormant
PSN-04118,core_gamer
PSN-04119,casual
PSN-04120,new_player
PSN-04121,lapsed
PSN-04122,dormant
PSN-04123,casual
PSN-04124,new_player
PSN-04125,core_gamer
PSN-04126,casual
PSN-04127,casual
PSN-04128,lapsed
PSN-04129,dormant
PSN-04130,lapsed
PSN-04131,casual
PSN-04132,casual
PSN-04133,casual
PSN-04134,casual
PSN-04135,whale
PSN-04136,casual
PSN-04137,dormant
PSN-04138,lapsed
PSN-04139,lapsed
PSN-04140,casual
PSN-04141,casual
PSN-04142,whale
PSN-04143,casual
PSN-04144,casual
PSN-04145,core_gamer
PSN-04146,whale
PSN-04147,lapsed
PSN-04148,casual
PSN-04149,casual
PSN-04150,core_gamer
PSN-04151,casual
PSN-04152,casual
PSN-04153,casual
PSN-04154,casual
PSN-04155,whale
PSN-04156,dormant
PSN-04157,whale
PSN-04158,casual
PSN-04159,core_gamer
PSN-04160,casual
PSN-04161,core_gamer
PSN-04162,dormant
PSN-04163,casual
PSN-04164,casual
PSN-04165,core_gamer
PSN-04166,whale
PSN-04167,casual
PSN-04168,casual
PSN-04169,casual
PSN-04170,new_player
PSN-04171,lapsed
PSN-04172,new_player
PSN-04173,core_gamer
PSN-04174,lapsed
PSN-04175,casual
PSN-04176,casual
PSN-04177,new_player
PSN-04178,casual
PSN-04179,dormant
PSN-04180,lapsed
PSN-04181,core_gamer
PSN-04182,lapsed
PSN-04183,casual
PSN-04184,dormant
PSN-04185,lapsed
PSN-04186,core_gamer
PSN-04187,core_gamer
PSN-04188,whale
PSN-04189,casual
PSN-04190,core_gamer
PSN-04191,lapsed
PSN-04192,casual
PSN-04193,dormant
PSN-04194,core_gamer
PSN-04195,casual
PSN-04196,core_gamer
PSN-04197,dormant
PSN-04198,core_gamer
PSN-04199,core_gamer
PSN-04200,core_gamer
PSN-04201,lapsed
PSN-04202,core_gamer
PSN-04203,casual
PSN-04204,lapsed
PSN-04205,lapsed
PSN-04206,core_gamer
PSN-04207,whale
PSN-04208,casual
PSN-04209,core_gamer
PSN-04210,lapsed
PSN-04211,casual
PSN-04212,casual
PSN-04213,core_gamer
PSN-04214,casual
PSN-04215,core_gamer
PSN-04216,casual
PSN-04217,whale
PSN-04218,new_player
PSN-04219,lapsed
PSN-04220,core_gamer
PSN-04221,whale
PSN-04222,casual
PSN-04223,core_gamer
PSN-04224,core_gamer
PSN-04225,dormant
PSN-04226,casual
PSN-04227,core_gamer
PSN-04228,casual
PSN-04229,core_gamer
PSN-04230,new_player
PSN-04231,whale
PSN-04232,lapsed
PSN-04233,lapsed
PSN-04234,whale
PSN-04235,core_gamer
PSN-04236,casual
PSN-04237,dormant
PSN-04238,casual
PSN-04239,casual
PSN-04240,lapsed
PSN-04241,lapsed
PSN-04242,casual
PSN-04243,casual
PSN-04244,lapsed
PSN-04245,core_gamer
PSN-04246,dormant
PSN-04247,whale
PSN-04248,core_gamer
PSN-04249,lapsed
PSN-04250,casual
PSN-04251,core_gamer
PSN-04252,core_gamer
PSN-04253,casual
PSN-04254,dormant
PSN-04255,whale
PSN-04256,whale
PSN-04257,casual
PSN-04258,new_player
PSN-04259,core_gamer
PSN-04260,new_player
PSN-04261,dormant
PSN-04262,core_gamer
PSN-04263,lapsed
PSN-04264,lapsed
PSN-04265,casual
PSN-04266,casual
PSN-04267,lapsed
PSN-04268,lapsed
PSN-04269,lapsed
PSN-04270,new_player
PSN-04271,casual
PSN-04272,lapsed
PSN-04273,dormant
PSN-04274,core_gamer
PSN-04275,whale
PSN-04276,casual
PSN-04277,dormant
PSN-04278,core_gamer
PSN-04279,lapsed
PSN-04280,whale
PSN-04281,casual
PSN-04282,casual
PSN-04283,core_gamer
PSN-04284,dormant
PSN-04285,core_gamer
PSN-04286,dormant
PSN-04287,core_gamer
PSN-04288,new_player
PSN-04289,casual
PSN-04290,core_gamer
PSN-04291,whale
PSN-04292,whale
PSN-04293,casual
PSN-04294,lapsed
PSN-04295,casual
PSN-04296,casual
PSN-04297,casual
PSN-04298,casual
PSN-04299,lapsed
PSN-04300,casual
PSN-04301,lapsed
PSN-04302,new_player
PSN-04303,casual
PSN-04304,whale
PSN-04305,core_gamer
PSN-04306,casual
PSN-04307,casual
PSN-04308,new_player
PSN-04309,casual
PSN-04310,casual
PSN-04311,lapsed
PSN-04312,core_gamer
PSN-04313,lapsed
PSN-04314,whale
PSN-04315,casual
PSN-04316,new_player
PSN-04317,lapsed
PSN-04318,dormant
PSN-04319,casual
PSN-04320,lapsed
PSN-04321,casual
PSN-04322,casual
PSN-04323,whale
PSN-04324,core_gamer
PSN-04325,casual
PSN-04326,whale
PSN-04327,lapsed
PSN-04328,dormant
PSN-04329,dormant
PSN-04330,core_gamer
PSN-04331,new_player
PSN-04332,whale
PSN-04333,casual
PSN-04334,dormant
PSN-04335,whale
PSN-04336,whale
PSN-04337,whale
PSN-04338,casual
PSN-04339,lapsed
PSN-04340,core_gamer
PSN-04341,core_gamer
PSN-04342,casual
PSN-04343,core_gamer
PSN-04344,lapsed
PSN-04345,new_player
PSN-04346,lapsed
PSN-04347,dormant
PSN-04348,casual
PSN-04349,dormant
PSN-04350,core_gamer
PSN-04351,whale
PSN-04352,casual
PSN-04353,whale
PSN-04354,dormant
PSN-04355,lapsed
PSN-04356,new_player
PSN-04357,core_gamer
PSN-04358,casual
PSN-04359,lapsed
PSN-04360,core_gamer
PSN-04361,casual
PSN-04362,casual
PSN-04363,new_player
PSN-04364,lapsed
PSN-04365,core_gamer
PSN-04366,casual
PSN-04367,casual
PSN-04368,core_gamer
PSN-04369,casual
PSN-04370,core_gamer
PSN-04371,core_gamer
PSN-04372,casual
PSN-04373,core_gamer
PSN-04374,casual
PSN-04375,core_gamer
PSN-04376,lapsed
PSN-04377,core_gamer
PSN-04378,dormant
PSN-04379,whale
PSN-04380,casual
PSN-04381,core_gamer
PSN-04382,core_gamer
PSN-04383,casual
PSN-04384,dormant
PSN-04385,dormant
PSN-04386,core_gamer
PSN-04387,core_gamer
PSN-04388,lapsed
PSN-04389,casual
PSN-04390,core_gamer
PSN-04391,lapsed
PSN-04392,casual
PSN-04393,casual
PSN-04394,casual
PSN-04395,casual
PSN-04396,core_gamer
PSN-04397,lapsed
PSN-04398,core_gamer
PSN-04399,lapsed
PSN-04400,lapsed
PSN-04401,lapsed
PSN-04402,whale
PSN-04403,core_gamer
PSN-04404,casual
PSN-04405,casual
PSN-04406,dormant
PSN-04407,casual
PSN-04408,dormant
PSN-04409,core_gamer
PSN-04410,casual
PSN-04411,whale
PSN-04412,lapsed
PSN-04413,core_gamer
PSN-04414,core_gamer
PSN-04415,lapsed
PSN-04416,casual
PSN-04417,whale
PSN-04418,whale
PSN-04419,casual
PSN-04420,core_gamer
PSN-04421,core_gamer
PSN-04422,casual
PSN-04423,core_gamer
PSN-04424,casual
PSN-04425,casual
PSN-04426,core_gamer
PSN-04427,core_gamer
PSN-04428,core_gamer
PSN-04429,whale
PSN-04430,core_gamer
PSN-04431,dormant
PSN-04432,dormant
PSN-04433,casual
PSN-04434,casual
PSN-04435,casual
PSN-04436,lapsed
PSN-04437,core_gamer
PSN-04438,core_gamer
PSN-04439,core_gamer
PSN-04440,whale
PSN-04441,core_gamer
PSN-04442,dormant
PSN-04443,dormant
PSN-04444,core_gamer
PSN-04445,casual
PSN-04446,casual
PSN-04447,casual
PSN-04448,casual
PSN-04449,whale
PSN-04450,dormant
PSN-04451,new_player
PSN-04452,casual
PSN-04453,casual
PSN-04454,casual
PSN-04455,casual
PSN-04456,core_gamer
PSN-04457,casual
PSN-04458,whale
PSN-04459,lapsed
PSN-04460,casual
PSN-04461,casual
PSN-04462,core_gamer
PSN-04463,new_player
PSN-04464,core_gamer
PSN-04465,core_gamer
PSN-04466,core_gamer
PSN-04467,casual
PSN-04468,new_player
PSN-04469,core_gamer
PSN-04470,dormant
PSN-04471,core_gamer
PSN-04472,casual
PSN-04473,whale
PSN-04474,casual
PSN-04475,casual
PSN-04476,casual
PSN-04477,core_gamer
PSN-04478,lapsed
PSN-04479,new_player
PSN-04480,casual
PSN-04481,casual
PSN-04482,lapsed
PSN-04483,core_gamer
PSN-04484,dormant
PSN-04485,core_gamer
PSN-04486,lapsed
PSN-04487,core_gamer
PSN-04488,core_gamer
PSN-04489,casual
PSN-04490,casual
PSN-04491,dormant
PSN-04492,new_player
PSN-04493,core_gamer
PSN-04494,core_gamer
PSN-04495,casual
PSN-04496,casual
PSN-04497,casual
PSN-04498,dormant
PSN-04499,lapsed
PSN-04500,whale
PSN-04501,casual
PSN-04502,casual
PSN-04503,casual
PSN-04504,core_gamer
PSN-04505,casual
PSN-04506,casual
PSN-04507,core_gamer
PSN-04508,lapsed
PSN-04509,core_gamer
PSN-04510,casual
PSN-04511,casual
PSN-04512,dormant
PSN-04513,core_gamer
PSN-04514,core_gamer
PSN-04515,core_gamer
PSN-04516,casual
PSN-04517,core_gamer
PSN-04518,lapsed
PSN-04519,core_gamer
PSN-04520,core_gamer
PSN-04521,casual
PSN-04522,lapsed
PSN-04523,dormant
PSN-04524,lapsed
PSN-04525,casual
PSN-04526,lapsed
PSN-04527,lapsed
PSN-04528,core_gamer
PSN-04529,casual
PSN-04530,lapsed
PSN-04531,core_gamer
PSN-04532,casual
PSN-04533,casual
PSN-04534,casual
PSN-04535,core_gamer
PSN-04536,casual
PSN-04537,dormant
PSN-04538,core_gamer
PSN-04539,casual
PSN-04540,whale
PSN-04541,whale
PSN-04542,new_player
PSN-04543,casual
PSN-04544,casual
PSN-04545,core_gamer
PSN-04546,new_player
PSN-04547,core_gamer
PSN-04548,lapsed
PSN-04549,core_gamer
PSN-04550,whale
PSN-04551,lapsed
PSN-04552,whale
PSN-04553,casual
PSN-04554,core_gamer
PSN-04555,lapsed
PSN-04556,lapsed
PSN-04557,lapsed
PSN-04558,whale
PSN-04559,lapsed
PSN-04560,new_player
PSN-04561,core_gamer
PSN-04562,core_gamer
PSN-04563,lapsed
PSN-04564,core_gamer
PSN-04565,casual
PSN-04566,lapsed
PSN-04567,whale
PSN-04568,casual
PSN-04569,casual
PSN-04570,core_gamer
PSN-04571,dormant
PSN-04572,core_gamer
PSN-04573,casual
PSN-04574,dormant
PSN-04575,core_gamer
PSN-04576,lapsed
PSN-04577,whale
PSN-04578,casual
PSN-04579,whale
PSN-04580,casual
PSN-04581,lapsed
PSN-04582,dormant
PSN-04583,new_player
PSN-04584,casual
PSN-04585,lapsed
PSN-04586,casual
PSN-04587,dormant
PSN-04588,casual
PSN-04589,dormant
PSN-04590,core_gamer
PSN-04591,casual
PSN-04592,lapsed
PSN-04593,core_gamer
PSN-04594,core_gamer
PSN-04595,new_player
PSN-04596,casual
PSN-04597,core_gamer
PSN-04598,casual
PSN-04599,casual
PSN-04600,casual
PSN-04601,dormant
PSN-04602,new_player
PSN-04603,casual
PSN-04604,lapsed
PSN-04605,core_gamer
PSN-04606,dormant
PSN-04607,core_gamer
PSN-04608,core_gamer
PSN-04609,new_player
PSN-04610,dormant
PSN-04611,core_gamer
PSN-04612,casual
PSN-04613,casual
PSN-04614,core_gamer
PSN-04615,core_gamer
PSN-04616,core_gamer
PSN-04617,casual
PSN-04618,casual
PSN-04619,casual
PSN-04620,core_gamer
PSN-04621,new_player
PSN-04622,casual
PSN-04623,dormant
PSN-04624,core_gamer
PSN-04625,casual
PSN-04626,dormant
PSN-04627,casual
PSN-04628,core_gamer
PSN-04629,core_gamer
PSN-04630,core_gamer
PSN-04631,casual
PSN-04632,core_gamer
PSN-04633,core_gamer
PSN-04634,casual
PSN-04635,whale
PSN-04636,casual
PSN-04637,lapsed
PSN-04638,core_gamer
PSN-04639,core_gamer
PSN-04640,core_gamer
PSN-04641,whale
PSN-04642,casual
PSN-04643,whale
PSN-04644,core_gamer
PSN-04645,new_player
PSN-04646,dormant
PSN-04647,core_gamer
PSN-04648,core_gamer
PSN-04649,casual
PSN-04650,dormant
PSN-04651,lapsed
PSN-04652,core_gamer
PSN-04653,core_gamer
PSN-04654,casual
PSN-04655,dormant
PSN-04656,dormant
PSN-04657,core_gamer
PSN-04658,casual
PSN-04659,core_gamer
PSN-04660,lapsed
PSN-04661,dormant
PSN-04662,casual
PSN-04663,core_gamer
PSN-04664,casual
PSN-04665,casual
PSN-04666,lapsed
PSN-04667,casual
PSN-04668,dormant
PSN-04669,core_gamer
PSN-04670,core_gamer
PSN-04671,core_gamer
PSN-04672,whale
PSN-04673,core_gamer
PSN-04674,casual
PSN-04675,core_gamer
PSN-04676,core_gamer
PSN-04677,core_gamer
PSN-04678,whale
PSN-04679,dormant
PSN-04680,new_player
PSN-04681,whale
PSN-04682,lapsed
PSN-04683,lapsed
PSN-04684,new_player
PSN-04685,casual
PSN-04686,core_gamer
PSN-04687,casual
PSN-04688,dormant
PSN-04689,lapsed
PSN-04690,casual
PSN-04691,core_gamer
PSN-04692,lapsed
PSN-04693,dormant
PSN-04694,casual
PSN-04695,casual
PSN-04696,casual
PSN-04697,casual
PSN-04698,casual
PSN-04699,lapsed
PSN-04700,new_player
PSN-04701,casual
PSN-04702,casual
PSN-04703,casual
PSN-04704,core_gamer
PSN-04705,core_gamer
PSN-04706,core_gamer
PSN-04707,casual
PSN-04708,core_gamer
PSN-04709,casual
PSN-04710,lapsed
PSN-04711,core_gamer
PSN-04712,casual
PSN-04713,dormant
PSN-04714,casual
PSN-04715,core_gamer
PSN-04716,casual
PSN-04717,casual
PSN-04718,casual
PSN-04719,core_gamer
PSN-04720,casual
PSN-04721,casual
PSN-04722,core_gamer
PSN-04723,casual
PSN-04724,whale
PSN-04725,casual
PSN-04726,lapsed
PSN-04727,core_gamer
PSN-04728,casual
PSN-04729,casual
PSN-04730,core_gamer
PSN-04731,dormant
PSN-04732,casual
PSN-04733,core_gamer
PSN-04734,dormant
PSN-04735,lapsed
PSN-04736,lapsed
PSN-04737,whale
PSN-04738,core_gamer
PSN-04739,casual
PSN-04740,core_gamer
PSN-04741,core_gamer
PSN-04742,lapsed
PSN-04743,core_gamer
PSN-04744,whale
PSN-04745,whale
PSN-04746,casual
PSN-04747,casual
PSN-04748,dormant
PSN-04749,core_gamer
PSN-04750,core_gamer
PSN-04751,casual
PSN-04752,casual
PSN-04753,casual
PSN-04754,dormant
PSN-04755,casual
PSN-04756,casual
PSN-04757,new_player
PSN-04758,whale
PSN-04759,new_player
PSN-04760,casual
PSN-04761,casual
PSN-04762,dormant
PSN-04763,casual
PSN-04764,casual
PSN-04765,core_gamer
PSN-04766,casual
PSN-04767,casual
PSN-04768,core_gamer
PSN-04769,lapsed
PSN-04770,casual
PSN-04771,casual
PSN-04772,whale
PSN-04773,casual
PSN-04774,whale
PSN-04775,whale
PSN-04776,casual
PSN-04777,core_gamer
PSN-04778,core_gamer
PSN-04779,casual
PSN-04780,core_gamer
PSN-04781,new_player
PSN-04782,dormant
PSN-04783,casual
PSN-04784,new_player
PSN-04785,dormant
PSN-04786,core_gamer
PSN-04787,lapsed
PSN-04788,core_gamer
PSN-04789,lapsed
PSN-04790,casual
PSN-04791,whale
PSN-04792,core_gamer
PSN-04793,new_player
PSN-04794,core_gamer
PSN-04795,core_gamer
PSN-04796,core_gamer
PSN-04797,casual
PSN-04798,dormant
PSN-04799,lapsed
PSN-04800,casual
PSN-04801,core_gamer
PSN-04802,whale
PSN-04803,casual
PSN-04804,lapsed
PSN-04805,lapsed
PSN-04806,casual
PSN-04807,casual
PSN-04808,casual
PSN-04809,casual
PSN-04810,casual
PSN-04811,lapsed
PSN-04812,casual
PSN-04813,new_player
PSN-04814,casual
PSN-04815,whale
PSN-04816,core_gamer
PSN-04817,casual
PSN-04818,casual
PSN-04819,casual
PSN-04820,lapsed
PSN-04821,core_gamer
PSN-04822,casual
PSN-04823,lapsed
PSN-04824,casual
PSN-04825,casual
PSN-04826,core_gamer
PSN-04827,casual
PSN-04828,lapsed
PSN-04829,dormant
PSN-04830,casual
PSN-04831,core_gamer
PSN-04832,lapsed
PSN-04833,lapsed
PSN-04834,casual
PSN-04835,lapsed
PSN-04836,whale
PSN-04837,whale
PSN-04838,core_gamer
PSN-04839,core_gamer
PSN-04840,dormant
PSN-04841,casual
PSN-04842,core_gamer
PSN-04843,casual
PSN-04844,casual
PSN-04845,core_gamer
PSN-04846,core_gamer
PSN-04847,casual
PSN-04848,core_gamer
PSN-04849,lapsed
PSN-04850,core_gamer
PSN-04851,lapsed
PSN-04852,lapsed
PSN-04853,core_gamer
PSN-04854,core_gamer
PSN-04855,new_player
PSN-04856,casual
PSN-04857,casual
PSN-04858,whale
PSN-04859,core_gamer
PSN-04860,casual
PSN-04861,dormant
PSN-04862,core_gamer
PSN-04863,lapsed
PSN-04864,casual
PSN-04865,core_gamer
PSN-04866,core_gamer
PSN-04867,core_gamer
PSN-04868,casual
PSN-04869,casual
PSN-04870,casual
PSN-04871,core_gamer
PSN-04872,lapsed
PSN-04873,casual
PSN-04874,casual
PSN-04875,casual
PSN-04876,core_gamer
PSN-04877,lapsed
PSN-04878,casual
PSN-04879,casual
PSN-04880,core_gamer
PSN-04881,casual
PSN-04882,casual
PSN-04883,casual
PSN-04884,dormant
PSN-04885,dormant
PSN-04886,core_gamer
PSN-04887,lapsed
PSN-04888,casual
PSN-04889,new_player
PSN-04890,core_gamer
PSN-04891,core_gamer
PSN-04892,casual
PSN-04893,core_gamer
PSN-04894,lapsed
PSN-04895,casual
PSN-04896,core_gamer
PSN-04897,casual
PSN-04898,dormant
PSN-04899,lapsed
PSN-04900,casual
PSN-04901,core_gamer
PSN-04902,core_gamer
PSN-04903,dormant
PSN-04904,lapsed
PSN-04905,casual
PSN-04906,dormant
PSN-04907,core_gamer
PSN-04908,lapsed
PSN-04909,core_gamer
PSN-04910,core_gamer
PSN-04911,casual
PSN-04912,casual
PSN-04913,new_player
PSN-04914,core_gamer
PSN-04915,lapsed
PSN-04916,lapsed
PSN-04917,casual
PSN-04918,dormant
PSN-04919,casual
PSN-04920,casual
PSN-04921,core_gamer
PSN-04922,core_gamer
PSN-04923,dormant
PSN-04924,casual
PSN-04925,casual
PSN-04926,core_gamer
PSN-04927,casual
PSN-04928,lapsed
PSN-04929,core_gamer
PSN-04930,lapsed
PSN-04931,casual
PSN-04932,lapsed
PSN-04933,core_gamer
PSN-04934,casual
PSN-04935,core_gamer
PSN-04936,casual
PSN-04937,lapsed
PSN-04938,casual
PSN-04939,core_gamer
PSN-04940,dormant
PSN-04941,whale
PSN-04942,casual
PSN-04943,new_player
PSN-04944,casual
PSN-04945,lapsed
PSN-04946,casual
PSN-04947,lapsed
PSN-04948,casual
PSN-04949,lapsed
PSN-04950,core_gamer
PSN-04951,lapsed
PSN-04952,core_gamer
PSN-04953,new_player
PSN-04954,core_gamer
PSN-04955,core_gamer
PSN-04956,dormant
PSN-04957,core_gamer
PSN-04958,casual
PSN-04959,lapsed
PSN-04960,core_gamer
PSN-04961,core_gamer
PSN-04962,casual
PSN-04963,core_gamer
PSN-04964,core_gamer
PSN-04965,whale
PSN-04966,casual
PSN-04967,core_gamer
PSN-04968,whale
PSN-04969,casual
PSN-04970,casual
PSN-04971,whale
PSN-04972,core_gamer
PSN-04973,dormant
PSN-04974,casual
PSN-04975,casual
PSN-04976,casual
PSN-04977,core_gamer
PSN-04978,lapsed
PSN-04979,dormant
PSN-04980,dormant
PSN-04981,core_gamer
PSN-04982,core_gamer
PSN-04983,core_gamer
PSN-04984,core_gamer
PSN-04985,casual
PSN-04986,casual
PSN-04987,core_gamer
PSN-04988,dormant
PSN-04989,core_gamer
PSN-04990,whale
PSN-04991,dormant
PSN-04992,lapsed
PSN-04993,casual
PSN-04994,casual
PSN-04995,core_gamer
PSN-04996,core_gamer
PSN-04997,casual
PSN-04998,casual
PSN-04999,casual
